index,pid,plant_name,Date,Depth_mm,IrrigationGroup,Time_hr
0,1,Guayule MAC F100 2018,2018-04-20 00:00:00,44,a,2
1,1,Guayule MAC F100 2018,2018-04-21 00:00:00,42,a,2
2,1,Guayule MAC F100 2018,2018-04-22 00:00:00,21,a,2
3,1,Guayule MAC F100 2018,2018-04-23 00:00:00,20,a,2
4,1,Guayule MAC F100 2018,2018-04-24 00:00:00,12,a,2
5,1,Guayule MAC F100 2018,2018-04-25 00:00:00,15,a,2
6,1,Guayule MAC F100 2018,2018-04-26 00:00:00,39,a,2
7,1,Guayule MAC F100 2018,2018-04-27 00:00:00,60,a,2
8,1,Guayule MAC F100 2018,2018-04-28 00:00:00,11,a,2
9,1,Guayule MAC F100 2018,2018-04-29 00:00:00,6,a,2
10,1,Guayule MAC F100 2018,2018-04-30 00:00:00,6,a,2
11,1,Guayule MAC F100 2018,2018-05-01 00:00:00,8,a,2
12,1,Guayule MAC F100 2018,2018-05-03 00:00:00,12.2,a,2
13,1,Guayule MAC F100 2018,2018-05-05 00:00:00,14.8,a,2
14,1,Guayule MAC F100 2018,2018-05-07 00:00:00,14.8,a,2
15,1,Guayule MAC F100 2018,2018-05-09 00:00:00,14.8,a,2
16,1,Guayule MAC F100 2018,2018-05-11 00:00:00,14.8,a,2
17,1,Guayule MAC F100 2018,2018-05-13 00:00:00,14.8,a,2
18,1,Guayule MAC F100 2018,2018-05-16 00:00:00,11.9,a,2
19,1,Guayule MAC F100 2018,2018-05-17 00:00:00,14.8,a,2
20,1,Guayule MAC F100 2018,2018-05-19 00:00:00,14.8,a,2
21,1,Guayule MAC F100 2018,2018-05-21 00:00:00,15,a,2
22,1,Guayule MAC F100 2018,2018-05-22 00:00:00,17,a,2
23,1,Guayule MAC F100 2018,2018-05-26 00:00:00,15,a,2
24,1,Guayule MAC F100 2018,2018-05-28 00:00:00,15,a,2
25,1,Guayule MAC F100 2018,2018-05-29 00:00:00,10,a,2
26,1,Guayule MAC F100 2018,2018-05-30 00:00:00,10,a,2
27,1,Guayule MAC F100 2018,2018-05-31 00:00:00,99.7,a,2
28,1,Guayule MAC F100 2018,2018-06-08 00:00:00,61.5,a,2
29,1,Guayule MAC F100 2018,2018-06-15 00:00:00,41,a,2
30,1,Guayule MAC F100 2018,2018-06-22 00:00:00,30,a,2
31,1,Guayule MAC F100 2018,2018-07-03 00:00:00,44.4,a,2
32,1,Guayule MAC F100 2018,2018-07-07 00:00:00,65,a,2
33,1,Guayule MAC F100 2018,2018-07-12 00:00:00,44.4,a,2
34,1,Guayule MAC F100 2018,2018-07-25 00:00:00,58.1,a,2
35,1,Guayule MAC F100 2018,2018-07-31 00:00:00,75.8,a,2
36,1,Guayule MAC F100 2018,2018-08-07 00:00:00,56.7,a,2
37,1,Guayule MAC F100 2018,2018-08-18 00:00:00,45.1,a,2
38,1,Guayule MAC F100 2018,2018-08-26 00:00:00,30.1,a,2
39,1,Guayule MAC F100 2018,2018-08-29 00:00:00,54.7,a,2
40,1,Guayule MAC F100 2018,2018-09-06 00:00:00,82,a,2
41,1,Guayule MAC F100 2018,2018-09-12 00:00:00,60,a,2
42,1,Guayule MAC F100 2018,2018-09-26 00:00:00,82,a,2
43,1,Guayule MAC F100 2018,2018-09-28 00:00:00,34.2,a,2
44,1,Guayule MAC F100 2018,2018-11-01 00:00:00,62.9,a,2
45,1,Guayule MAC F100 2018,2018-11-15 00:00:00,35.5,a,2
46,1,Guayule MAC F100 2018,2019-02-13 00:00:00,50.6,a,2
47,1,Guayule MAC F100 2018,2018-05-16 00:00:00,11.9,a,2
48,1,Guayule MAC F100 2018,2018-05-17 00:00:00,14.8,a,2
49,1,Guayule MAC F100 2018,2018-05-19 00:00:00,14.8,a,2
50,1,Guayule MAC F100 2018,2018-05-21 00:00:00,15,a,2
51,1,Guayule MAC F100 2018,2018-05-22 00:00:00,17,a,2
52,1,Guayule MAC F100 2018,2018-05-26 00:00:00,15,a,2
53,1,Guayule MAC F100 2018,2018-05-28 00:00:00,15,a,2
54,1,Guayule MAC F100 2018,2018-05-29 00:00:00,10,a,2
55,1,Guayule MAC F100 2018,2018-05-30 00:00:00,10,a,2
56,1,Guayule MAC F100 2018,2018-05-31 00:00:00,99.7,a,2
57,1,Guayule MAC F100 2018,2018-06-08 00:00:00,61.5,a,2
58,1,Guayule MAC F100 2018,2018-06-15 00:00:00,41,a,2
59,1,Guayule MAC F100 2018,2018-06-22 00:00:00,30,a,2
60,1,Guayule MAC F100 2018,2018-07-03 00:00:00,44.4,a,2
61,1,Guayule MAC F100 2018,2018-07-07 00:00:00,65,a,2
62,1,Guayule MAC F100 2018,2018-07-12 00:00:00,44.4,a,2
63,1,Guayule MAC F100 2018,2018-07-25 00:00:00,58.1,a,2
64,1,Guayule MAC F100 2018,2018-07-31 00:00:00,75.8,a,2
65,1,Guayule MAC F100 2018,2018-08-07 00:00:00,56.7,a,2
66,1,Guayule MAC F100 2018,2018-08-18 00:00:00,45.1,a,2
67,1,Guayule MAC F100 2018,2018-08-26 00:00:00,30.1,a,2
68,1,Guayule MAC F100 2018,2018-08-29 00:00:00,54.7,a,2
69,1,Guayule MAC F100 2018,2018-09-06 00:00:00,82,a,2
70,1,Guayule MAC F100 2018,2018-09-12 00:00:00,60,a,2
71,1,Guayule MAC F100 2018,2018-09-26 00:00:00,82,a,2
72,1,Guayule MAC F100 2018,2018-09-28 00:00:00,34.2,a,2
73,1,Guayule MAC F100 2018,2018-11-01 00:00:00,62.9,a,2
74,1,Guayule MAC F100 2018,2018-11-15 00:00:00,35.5,a,2
75,1,Guayule MAC F100 2018,2019-02-13 00:00:00,50.6,a,2
76,1,Guayule MAC F100 2018,2019-03-21 00:00:00,47.8,a,2
77,1,Guayule MAC F100 2018,2019-04-08 00:00:00,61.5,a,2
78,1,Guayule MAC F100 2018,2019-04-25 00:00:00,69,a,2
79,1,Guayule MAC F100 2018,2019-05-08 00:00:00,75.2,a,2
80,1,Guayule MAC F100 2018,2019-05-16 00:00:00,71.7,a,2
81,1,Guayule MAC F100 2018,2019-05-24 00:00:00,47.8,a,2
82,1,Guayule MAC F100 2018,2019-05-31 00:00:00,69,a,2
83,1,Guayule MAC F100 2018,2019-06-07 00:00:00,69,a,2
84,1,Guayule MAC F100 2018,2019-06-17 00:00:00,102.5,a,2
85,1,Guayule MAC F100 2018,2019-06-24 00:00:00,86.1,a,2
86,1,Guayule MAC F100 2018,2019-07-02 00:00:00,116.1,a,2
87,1,Guayule MAC F100 2018,2019-07-12 00:00:00,85.4,a,2
88,1,Guayule MAC F100 2018,2019-07-19 00:00:00,68.3,a,2
89,1,Guayule MAC F100 2018,2019-07-31 00:00:00,100,a,2
90,1,Guayule MAC D100 2018,2018-04-20 00:00:00,44,a,2
91,1,Guayule MAC D100 2018,2018-04-21 00:00:00,42,a,2
92,1,Guayule MAC D100 2018,2018-04-22 00:00:00,21,a,2
93,1,Guayule MAC D100 2018,2018-04-23 00:00:00,20,a,2
94,1,Guayule MAC D100 2018,2018-04-24 00:00:00,12,a,2
95,1,Guayule MAC D100 2018,2018-04-25 00:00:00,15,a,2
96,1,Guayule MAC D100 2018,2018-04-26 00:00:00,39,a,2
97,1,Guayule MAC D100 2018,2018-04-27 00:00:00,60,a,2
98,1,Guayule MAC D100 2018,2018-04-28 00:00:00,11,a,2
99,1,Guayule MAC D100 2018,2018-04-29 00:00:00,6,a,2
100,1,Guayule MAC D100 2018,2018-04-30 00:00:00,6,a,2
101,1,Guayule MAC D100 2018,2018-05-01 00:00:00,8,a,2
102,1,Guayule MAC D100 2018,2018-05-03 00:00:00,12.2,a,2
103,1,Guayule MAC D100 2018,2018-05-05 00:00:00,14.8,a,2
104,1,Guayule MAC D100 2018,2018-05-07 00:00:00,14.8,a,2
105,1,Guayule MAC D100 2018,2018-05-09 00:00:00,14.8,a,2
106,1,Guayule MAC D100 2018,2018-05-11 00:00:00,14.8,a,2
107,1,Guayule MAC D100 2018,2018-05-13 00:00:00,14.8,a,2
108,1,Guayule MAC D100 2018,2018-05-16 00:00:00,11.9,a,2
109,1,Guayule MAC D100 2018,2018-05-17 00:00:00,14.8,a,2
110,1,Guayule MAC D100 2018,2018-05-19 00:00:00,14.8,a,2
111,1,Guayule MAC D100 2018,2018-05-21 00:00:00,15,a,2
112,1,Guayule MAC D100 2018,2018-05-22 00:00:00,17,a,2
113,1,Guayule MAC D100 2018,2018-05-26 00:00:00,15,a,2
114,1,Guayule MAC D100 2018,2018-05-28 00:00:00,15,a,2
115,1,Guayule MAC D100 2018,2018-05-29 00:00:00,10,a,2
116,1,Guayule MAC D100 2018,2018-05-30 00:00:00,10,a,2
117,1,Guayule MAC D100 2018,2018-05-31 00:00:00,15,a,2
118,1,Guayule MAC D100 2018,2018-06-01 00:00:00,15,a,2
119,1,Guayule MAC D100 2018,2018-06-05 00:00:00,11,a,2
120,1,Guayule MAC D100 2018,2018-06-06 00:00:00,11,a,2
121,1,Guayule MAC D100 2018,2018-06-07 00:00:00,16,a,2
122,1,Guayule MAC D100 2018,2018-06-08 00:00:00,16,a,2
123,1,Guayule MAC D100 2018,2018-06-09 00:00:00,16,a,2
124,1,Guayule MAC D100 2018,2018-06-10 00:00:00,16,a,2
125,1,Guayule MAC D100 2018,2018-06-15 00:00:00,16,a,2
126,1,Guayule MAC D100 2018,2018-06-22 00:00:00,16,a,2
127,1,Guayule MAC D100 2018,2018-06-28 00:00:00,10.8,a,2
128,1,Guayule MAC D100 2018,2018-07-02 00:00:00,18,a,2
129,1,Guayule MAC D100 2018,2018-07-04 00:00:00,18,a,2
130,1,Guayule MAC D100 2018,2018-07-05 00:00:00,18,a,2
131,1,Guayule MAC D100 2018,2018-07-06 00:00:00,18,a,2
132,1,Guayule MAC D100 2018,2018-07-07 00:00:00,18,a,2
133,1,Guayule MAC D100 2018,2018-07-09 00:00:00,11,a,2
134,1,Guayule MAC D100 2018,2018-07-10 00:00:00,11,a,2
135,1,Guayule MAC D100 2018,2018-07-11 00:00:00,11,a,2
136,1,Guayule MAC D100 2018,2018-07-13 00:00:00,11,a,2
137,1,Guayule MAC D100 2018,2018-07-16 00:00:00,11,a,2
138,1,Guayule MAC D100 2018,2018-07-20 00:00:00,27.1,a,2
139,1,Guayule MAC D100 2018,2018-07-21 00:00:00,28.8,a,2
140,1,Guayule MAC D100 2018,2018-07-22 00:00:00,11.2,a,2
141,1,Guayule MAC D100 2018,2018-07-23 00:00:00,11.2,a,2
142,1,Guayule MAC D100 2018,2018-07-25 00:00:00,11.2,a,2
143,1,Guayule MAC D100 2018,2018-07-26 00:00:00,14.2,a,2
144,1,Guayule MAC D100 2018,2018-07-27 00:00:00,11,a,2
145,1,Guayule MAC D100 2018,2018-07-28 00:00:00,11,a,2
146,1,Guayule MAC D100 2018,2018-07-29 00:00:00,23.7,a,2
147,1,Guayule MAC D100 2018,2018-07-31 00:00:00,16,a,2
148,1,Guayule MAC D100 2018,2018-08-02 00:00:00,16,a,2
149,1,Guayule MAC D100 2018,2018-08-08 00:00:00,16,a,2
150,1,Guayule MAC D100 2018,2018-08-09 00:00:00,16,a,2
151,1,Guayule MAC D100 2018,2018-08-12 00:00:00,32,a,2
152,1,Guayule MAC D100 2018,2018-08-16 00:00:00,8.2,a,2
153,1,Guayule MAC D100 2018,2018-08-17 00:00:00,10.7,a,2
154,1,Guayule MAC D100 2018,2018-08-19 00:00:00,10.7,a,2
155,1,Guayule MAC D100 2018,2018-08-23 00:00:00,12.2,a,2
156,1,Guayule MAC D100 2018,2018-08-24 00:00:00,12.2,a,2
157,1,Guayule MAC D100 2018,2018-08-25 00:00:00,12.2,a,2
158,1,Guayule MAC D100 2018,2018-08-28 00:00:00,12,a,2
159,1,Guayule MAC D100 2018,2018-08-29 00:00:00,12,a,2
160,1,Guayule MAC D100 2018,2018-08-30 00:00:00,12,a,2
161,1,Guayule MAC D100 2018,2018-08-31 00:00:00,12,a,2
162,1,Guayule MAC D100 2018,2018-09-01 00:00:00,12,a,2
163,1,Guayule MAC D100 2018,2018-09-02 00:00:00,12,a,2
164,1,Guayule MAC D100 2018,2018-09-03 00:00:00,12,a,2
165,1,Guayule MAC D100 2018,2018-09-04 00:00:00,12,a,2
166,1,Guayule MAC D100 2018,2018-09-11 00:00:00,12,a,2
167,1,Guayule MAC D100 2018,2018-09-12 00:00:00,18,a,2
168,1,Guayule MAC D100 2018,2018-09-13 00:00:00,12,a,2
169,1,Guayule MAC D100 2018,2018-09-14 00:00:00,12,a,2
170,1,Guayule MAC D100 2018,2018-09-15 00:00:00,12,a,2
171,1,Guayule MAC D100 2018,2018-09-19 00:00:00,24,a,2
172,1,Guayule MAC D100 2018,2018-09-20 00:00:00,24,a,2
173,1,Guayule MAC D100 2018,2018-09-21 00:00:00,12,a,2
174,1,Guayule MAC D100 2018,2018-09-22 00:00:00,12,a,2
175,1,Guayule MAC D100 2018,2018-09-23 00:00:00,12,a,2
176,1,Guayule MAC D100 2018,2018-09-24 00:00:00,12,a,2
177,1,Guayule MAC D100 2018,2018-09-28 00:00:00,24,a,2
178,1,Guayule MAC D100 2018,2018-09-29 00:00:00,12,a,2
179,1,Guayule MAC D100 2018,2018-09-30 00:00:00,12,a,2
180,1,Guayule MAC D100 2018,2018-10-04 00:00:00,12,a,2
181,1,Guayule MAC D100 2018,2018-10-28 00:00:00,31,a,2
182,1,Guayule MAC D100 2018,2018-10-30 00:00:00,31,a,2
183,1,Guayule MAC D100 2018,2018-11-01 00:00:00,12,a,2
184,1,Guayule MAC D100 2018,2018-11-03 00:00:00,24,a,2
185,1,Guayule MAC D100 2018,2018-11-07 00:00:00,12,a,2
186,1,Guayule MAC D100 2018,2018-11-10 00:00:00,12,a,2
187,1,Guayule MAC D100 2018,2018-11-13 00:00:00,12,a,2
188,1,Guayule MAC D100 2018,2018-11-15 00:00:00,12,a,2
189,1,Guayule MAC D100 2018,2019-02-13 00:00:00,14.47,a,2
190,1,Guayule MAC D100 2018,2019-02-16 00:00:00,7.23333,a,2
191,1,Guayule MAC D100 2018,2019-02-17 00:00:00,10.3,a,2
192,1,Guayule MAC D100 2018,2019-02-21 00:00:00,10.3,a,2
193,1,Guayule MAC D100 2018,2019-03-19 00:00:00,10.05240568,a,2
194,1,Guayule MAC D100 2018,2019-03-20 00:00:00,9.973091712,a,2
195,1,Guayule MAC D100 2018,2019-03-21 00:00:00,10.12916113,a,2
196,1,Guayule MAC D100 2018,2019-03-22 00:00:00,9.89121923,a,2
197,1,Guayule MAC D100 2018,2019-03-23 00:00:00,9.440920579,a,2
198,1,Guayule MAC D100 2018,2019-03-27 00:00:00,10.1,a,2
199,1,Guayule MAC D100 2018,2019-03-28 00:00:00,10.1,a,2
200,1,Guayule MAC D100 2018,2019-04-02 00:00:00,9.4,a,2
201,1,Guayule MAC D100 2018,2019-04-03 00:00:00,9.4,a,2
202,1,Guayule MAC D100 2018,2019-04-04 00:00:00,9.4,a,2
203,1,Guayule MAC D100 2018,2019-04-07 00:00:00,9.4,a,2
204,1,Guayule MAC D100 2018,2019-04-10 00:00:00,12.5,a,2
205,1,Guayule MAC D100 2018,2019-04-12 00:00:00,9.4,a,2
206,1,Guayule MAC D100 2018,2019-04-13 00:00:00,9.4,a,2
207,1,Guayule MAC D100 2018,2019-04-14 00:00:00,9.4,a,2
208,1,Guayule MAC D100 2018,2019-04-15 00:00:00,9.8,a,2
209,1,Guayule MAC D100 2018,2019-04-18 00:00:00,9.5,a,2
210,1,Guayule MAC D100 2018,2019-04-19 00:00:00,9.5,a,2
211,1,Guayule MAC D100 2018,2019-04-20 00:00:00,9.5,a,2
212,1,Guayule MAC D100 2018,2019-04-22 00:00:00,9.9,a,2
213,1,Guayule MAC D100 2018,2019-04-23 00:00:00,14.4,a,2
214,1,Guayule MAC D100 2018,2019-04-24 00:00:00,14.4,a,2
215,1,Guayule MAC D100 2018,2019-04-25 00:00:00,14.3,a,2
216,1,Guayule MAC D100 2018,2019-04-28 00:00:00,13.9,a,2
217,1,Guayule MAC D100 2018,2019-04-29 00:00:00,14,a,2
218,1,Guayule MAC D100 2018,2019-04-30 00:00:00,13.7,a,2
219,1,Guayule MAC D100 2018,2019-05-01 00:00:00,13.9,a,2
220,1,Guayule MAC D100 2018,2019-05-02 00:00:00,14,a,2
221,1,Guayule MAC D100 2018,2019-05-03 00:00:00,14,a,2
222,1,Guayule MAC D100 2018,2019-05-08 00:00:00,13.8,a,2
223,1,Guayule MAC D100 2018,2019-05-09 00:00:00,13.7,a,2
224,1,Guayule MAC D100 2018,2019-05-10 00:00:00,13.7,a,2
225,1,Guayule MAC D100 2018,2019-05-11 00:00:00,13.7,a,2
226,1,Guayule MAC D100 2018,2019-05-12 00:00:00,13.7,a,2
227,1,Guayule MAC D100 2018,2019-05-14 00:00:00,9.5,a,2
228,1,Guayule MAC D100 2018,2019-05-15 00:00:00,9.5,a,2
229,1,Guayule MAC D100 2018,2019-05-16 00:00:00,9.5,a,2
230,1,Guayule MAC D100 2018,2019-05-17 00:00:00,9.5,a,2
231,1,Guayule MAC D100 2018,2019-05-18 00:00:00,9.5,a,2
232,1,Guayule MAC D100 2018,2019-05-19 00:00:00,9.5,a,2
233,1,Guayule MAC D100 2018,2019-05-21 00:00:00,9.4,a,2
234,1,Guayule MAC D100 2018,2019-05-22 00:00:00,9.4,a,2
235,1,Guayule MAC D100 2018,2019-05-23 00:00:00,9.4,a,2
236,1,Guayule MAC D100 2018,2019-05-24 00:00:00,10,a,2
237,1,Guayule MAC D100 2018,2019-05-27 00:00:00,13.9,a,2
238,1,Guayule MAC D100 2018,2019-05-28 00:00:00,13.9,a,2
239,1,Guayule MAC D100 2018,2019-05-29 00:00:00,13.9,a,2
240,1,Guayule MAC D100 2018,2019-05-30 00:00:00,13.9,a,2
241,1,Guayule MAC D100 2018,2019-05-31 00:00:00,13.9,a,2
242,1,Guayule MAC D100 2018,2019-06-03 00:00:00,11.4,a,2
243,1,Guayule MAC D100 2018,2019-06-04 00:00:00,11.4,a,2
244,1,Guayule MAC D100 2018,2019-06-05 00:00:00,11.4,a,2
245,1,Guayule MAC D100 2018,2019-06-06 00:00:00,11.4,a,2
246,1,Guayule MAC D100 2018,2019-06-07 00:00:00,11.4,a,2
247,1,Guayule MAC D100 2018,2019-06-08 00:00:00,11.4,a,2
248,1,Guayule MAC D100 2018,2019-06-09 00:00:00,11.4,a,2
249,1,Guayule MAC D100 2018,2019-06-10 00:00:00,16.2,a,2
250,1,Guayule MAC D100 2018,2019-06-11 00:00:00,16.2,a,2
251,1,Guayule MAC D100 2018,2019-06-12 00:00:00,16.2,a,2
252,1,Guayule MAC D100 2018,2019-06-13 00:00:00,16.2,a,2
253,1,Guayule MAC D100 2018,2019-06-14 00:00:00,16.2,a,2
254,1,Guayule MAC D100 2018,2019-06-15 00:00:00,16.2,a,2
255,1,Guayule MAC D100 2018,2019-06-17 00:00:00,11,a,2
256,1,Guayule MAC D100 2018,2019-06-18 00:00:00,11,a,2
257,1,Guayule MAC D100 2018,2019-06-19 00:00:00,11,a,2
258,1,Guayule MAC D100 2018,2019-06-20 00:00:00,11,a,2
259,1,Guayule MAC D100 2018,2019-06-21 00:00:00,11,a,2
260,1,Guayule MAC D100 2018,2019-06-22 00:00:00,11,a,2
261,1,Guayule MAC D100 2018,2019-06-24 00:00:00,9.2,a,2
262,1,Guayule MAC D100 2018,2019-06-25 00:00:00,9.2,a,2
263,1,Guayule MAC D100 2018,2019-06-26 00:00:00,9.2,a,2
264,1,Guayule MAC D100 2018,2019-06-27 00:00:00,9.2,a,2
265,1,Guayule MAC D100 2018,2019-06-28 00:00:00,9.2,a,2
266,1,Guayule MAC D100 2018,2019-06-29 00:00:00,9.2,a,2
267,1,Guayule MAC D100 2018,2019-06-30 00:00:00,9.2,a,2
268,1,Guayule MAC D100 2018,2019-07-01 00:00:00,22.2,a,2
269,1,Guayule MAC D100 2018,2019-07-02 00:00:00,17.1,a,2
270,1,Guayule MAC D100 2018,2019-07-03 00:00:00,17,a,2
271,1,Guayule MAC D100 2018,2019-07-04 00:00:00,25.4,a,2
272,1,Guayule MAC D100 2018,2019-07-05 00:00:00,25.4,a,2
273,1,Guayule MAC D100 2018,2019-07-07 00:00:00,24.3,a,2
274,1,Guayule MAC D100 2018,2019-07-08 00:00:00,5.8,a,2
275,1,Guayule MAC D100 2018,2019-07-09 00:00:00,5.8,a,2
276,1,Guayule MAC D100 2018,2019-07-10 00:00:00,5.8,a,2
277,1,Guayule MAC D100 2018,2019-07-11 00:00:00,24,a,2
278,1,Guayule MAC D100 2018,2019-07-12 00:00:00,27.1,a,2
279,1,Guayule MAC D100 2018,2019-07-16 00:00:00,11.2,a,2
280,1,Guayule MAC D100 2018,2019-07-17 00:00:00,11.2,a,2
281,1,Guayule MAC D100 2018,2019-07-18 00:00:00,11.2,a,2
282,1,Guayule MAC D100 2018,2019-07-19 00:00:00,10.8,a,2
283,1,Guayule MAC D100 2018,2019-07-20 00:00:00,10.8,a,2
284,1,Guayule MAC D100 2018,2019-07-21 00:00:00,10.8,a,2
285,1,Guayule MAC D100 2018,2019-07-22 00:00:00,11.1,a,2
286,1,Guayule MAC D100 2018,2019-07-24 00:00:00,11,a,2
287,1,Guayule MAC D100 2018,2019-07-25 00:00:00,11,a,2
288,1,Guayule MAC D100 2018,2019-07-26 00:00:00,13.1,a,2
289,1,Guayule MAC D100 2018,2019-07-27 00:00:00,13.1,a,2
290,1,Guayule MAC D100 2018,2019-07-28 00:00:00,13.1,a,2
291,1,Guayule MAC D100 2018,2019-07-30 00:00:00,10,a,2
292,1,Guayule MAC D100 2018,2019-07-31 00:00:00,10,a,2
293,1,Guayule MAC D050 2018,2018-04-20 00:00:00,22,a,2
294,1,Guayule MAC D050 2018,2018-04-21 00:00:00,21,a,2
295,1,Guayule MAC D050 2018,2018-04-22 00:00:00,10.5,a,2
296,1,Guayule MAC D050 2018,2018-04-23 00:00:00,10,a,2
297,1,Guayule MAC D050 2018,2018-04-24 00:00:00,6,a,2
298,1,Guayule MAC D050 2018,2018-04-25 00:00:00,7.5,a,2
299,1,Guayule MAC D050 2018,2018-04-26 00:00:00,19.5,a,2
300,1,Guayule MAC D050 2018,2018-04-27 00:00:00,30,a,2
301,1,Guayule MAC D050 2018,2018-04-28 00:00:00,5.5,a,2
302,1,Guayule MAC D050 2018,2018-04-29 00:00:00,3,a,2
303,1,Guayule MAC D050 2018,2018-04-30 00:00:00,3,a,2
304,1,Guayule MAC D050 2018,2018-05-01 00:00:00,4,a,2
305,1,Guayule MAC D050 2018,2018-05-03 00:00:00,6.1,a,2
306,1,Guayule MAC D050 2018,2018-05-05 00:00:00,7.4,a,2
307,1,Guayule MAC D050 2018,2018-05-07 00:00:00,7.4,a,2
308,1,Guayule MAC D050 2018,2018-05-09 00:00:00,7.4,a,2
309,1,Guayule MAC D050 2018,2018-05-11 00:00:00,7.4,a,2
310,1,Guayule MAC D050 2018,2018-05-13 00:00:00,7.4,a,2
311,1,Guayule MAC D050 2018,2018-05-16 00:00:00,5.95,a,2
312,1,Guayule MAC D050 2018,2018-05-17 00:00:00,7.4,a,2
313,1,Guayule MAC D050 2018,2018-05-19 00:00:00,7.4,a,2
314,1,Guayule MAC D050 2018,2018-05-21 00:00:00,7.5,a,2
315,1,Guayule MAC D050 2018,2018-05-22 00:00:00,8.5,a,2
316,1,Guayule MAC D050 2018,2018-05-26 00:00:00,7.5,a,2
317,1,Guayule MAC D050 2018,2018-05-28 00:00:00,7.5,a,2
318,1,Guayule MAC D050 2018,2018-05-29 00:00:00,5,a,2
319,1,Guayule MAC D050 2018,2018-05-30 00:00:00,5,a,2
320,1,Guayule MAC D050 2018,2018-05-31 00:00:00,7.5,a,2
321,1,Guayule MAC D050 2018,2018-06-01 00:00:00,7.5,a,2
322,1,Guayule MAC D050 2018,2018-06-05 00:00:00,5.5,a,2
323,1,Guayule MAC D050 2018,2018-06-06 00:00:00,5.5,a,2
324,1,Guayule MAC D050 2018,2018-06-07 00:00:00,8,a,2
325,1,Guayule MAC D050 2018,2018-06-08 00:00:00,8,a,2
326,1,Guayule MAC D050 2018,2018-06-09 00:00:00,8,a,2
327,1,Guayule MAC D050 2018,2018-06-10 00:00:00,8,a,2
328,1,Guayule MAC D050 2018,2018-06-15 00:00:00,8,a,2
329,1,Guayule MAC D050 2018,2018-06-22 00:00:00,8,a,2
330,1,Guayule MAC D050 2018,2018-06-28 00:00:00,5.4,a,2
331,1,Guayule MAC D050 2018,2018-07-02 00:00:00,9,a,2
332,1,Guayule MAC D050 2018,2018-07-04 00:00:00,9,a,2
333,1,Guayule MAC D050 2018,2018-07-05 00:00:00,9,a,2
334,1,Guayule MAC D050 2018,2018-07-06 00:00:00,9,a,2
335,1,Guayule MAC D050 2018,2018-07-07 00:00:00,9,a,2
336,1,Guayule MAC D050 2018,2018-07-09 00:00:00,5.5,a,2
337,1,Guayule MAC D050 2018,2018-07-10 00:00:00,5.5,a,2
338,1,Guayule MAC D050 2018,2018-07-11 00:00:00,5.5,a,2
339,1,Guayule MAC D050 2018,2018-07-13 00:00:00,5.5,a,2
340,1,Guayule MAC D050 2018,2018-07-16 00:00:00,5.5,a,2
341,1,Guayule MAC D050 2018,2018-07-20 00:00:00,13.55,a,2
342,1,Guayule MAC D050 2018,2018-07-21 00:00:00,14.4,a,2
343,1,Guayule MAC D050 2018,2018-07-22 00:00:00,5.6,a,2
344,1,Guayule MAC D050 2018,2018-07-23 00:00:00,5.6,a,2
345,1,Guayule MAC D050 2018,2018-07-25 00:00:00,5.6,a,2
346,1,Guayule MAC D050 2018,2018-07-26 00:00:00,7.1,a,2
347,1,Guayule MAC D050 2018,2018-07-27 00:00:00,5.5,a,2
348,1,Guayule MAC D050 2018,2018-07-28 00:00:00,5.5,a,2
349,1,Guayule MAC D050 2018,2018-07-29 00:00:00,11.85,a,2
350,1,Guayule MAC D050 2018,2018-07-31 00:00:00,8,a,2
351,1,Guayule MAC D050 2018,2018-08-02 00:00:00,8,a,2
352,1,Guayule MAC D050 2018,2018-08-08 00:00:00,8,a,2
353,1,Guayule MAC D050 2018,2018-08-09 00:00:00,8,a,2
354,1,Guayule MAC D050 2018,2018-08-12 00:00:00,16,a,2
355,1,Guayule MAC D050 2018,2018-08-16 00:00:00,4.1,a,2
356,1,Guayule MAC D050 2018,2018-08-17 00:00:00,5.35,a,2
357,1,Guayule MAC D050 2018,2018-08-19 00:00:00,5.35,a,2
358,1,Guayule MAC D050 2018,2018-08-23 00:00:00,6.1,a,2
359,1,Guayule MAC D050 2018,2018-08-24 00:00:00,6.1,a,2
360,1,Guayule MAC D050 2018,2018-08-25 00:00:00,6.1,a,2
361,1,Guayule MAC D050 2018,2018-08-28 00:00:00,6,a,2
362,1,Guayule MAC D050 2018,2018-08-29 00:00:00,6,a,2
363,1,Guayule MAC D050 2018,2018-08-30 00:00:00,6,a,2
364,1,Guayule MAC D050 2018,2018-08-31 00:00:00,6,a,2
365,1,Guayule MAC D050 2018,2018-09-01 00:00:00,6,a,2
366,1,Guayule MAC D050 2018,2018-09-02 00:00:00,6,a,2
367,1,Guayule MAC D050 2018,2018-09-03 00:00:00,6,a,2
368,1,Guayule MAC D050 2018,2018-09-04 00:00:00,6,a,2
369,1,Guayule MAC D050 2018,2018-09-11 00:00:00,6,a,2
370,1,Guayule MAC D050 2018,2018-09-12 00:00:00,9,a,2
371,1,Guayule MAC D050 2018,2018-09-13 00:00:00,6,a,2
372,1,Guayule MAC D050 2018,2018-09-14 00:00:00,6,a,2
373,1,Guayule MAC D050 2018,2018-09-15 00:00:00,6,a,2
374,1,Guayule MAC D050 2018,2018-09-19 00:00:00,12,a,2
375,1,Guayule MAC D050 2018,2018-09-20 00:00:00,12,a,2
376,1,Guayule MAC D050 2018,2018-09-21 00:00:00,6,a,2
377,1,Guayule MAC D050 2018,2018-09-22 00:00:00,6,a,2
378,1,Guayule MAC D050 2018,2018-09-23 00:00:00,6,a,2
379,1,Guayule MAC D050 2018,2018-09-24 00:00:00,6,a,2
380,1,Guayule MAC D050 2018,2018-09-28 00:00:00,12,a,2
381,1,Guayule MAC D050 2018,2018-09-29 00:00:00,6,a,2
382,1,Guayule MAC D050 2018,2018-09-30 00:00:00,6,a,2
383,1,Guayule MAC D050 2018,2018-10-04 00:00:00,6,a,2
384,1,Guayule MAC D050 2018,2018-10-28 00:00:00,15.5,a,2
385,1,Guayule MAC D050 2018,2018-10-30 00:00:00,15.5,a,2
386,1,Guayule MAC D050 2018,2018-11-01 00:00:00,6,a,2
387,1,Guayule MAC D050 2018,2018-11-03 00:00:00,12,a,2
388,1,Guayule MAC D050 2018,2018-11-07 00:00:00,6,a,2
389,1,Guayule MAC D050 2018,2018-11-10 00:00:00,6,a,2
390,1,Guayule MAC D050 2018,2018-11-13 00:00:00,6,a,2
391,1,Guayule MAC D050 2018,2018-11-15 00:00:00,6,a,2
392,1,Guayule MAC D050 2018,2019-02-13 00:00:00,7.235,a,2
393,1,Guayule MAC D050 2018,2019-02-16 00:00:00,3.616665,a,2
394,1,Guayule MAC D050 2018,2019-02-17 00:00:00,5.15,a,2
395,1,Guayule MAC D050 2018,2019-02-21 00:00:00,5.15,a,2
396,1,Guayule MAC D050 2018,2019-03-19 00:00:00,5.02620284,a,2
397,1,Guayule MAC D050 2018,2019-03-20 00:00:00,4.986545856,a,2
398,1,Guayule MAC D050 2018,2019-03-21 00:00:00,5.064580566,a,2
399,1,Guayule MAC D050 2018,2019-03-22 00:00:00,4.945609615,a,2
400,1,Guayule MAC D050 2018,2019-03-23 00:00:00,4.72046029,a,2
401,1,Guayule MAC D050 2018,2019-03-27 00:00:00,5.05,a,2
402,1,Guayule MAC D050 2018,2019-03-28 00:00:00,5.05,a,2
403,1,Guayule MAC D050 2018,2019-04-02 00:00:00,4.7,a,2
404,1,Guayule MAC D050 2018,2019-04-03 00:00:00,4.7,a,2
405,1,Guayule MAC D050 2018,2019-04-04 00:00:00,4.7,a,2
406,1,Guayule MAC D050 2018,2019-04-07 00:00:00,4.7,a,2
407,1,Guayule MAC D050 2018,2019-04-10 00:00:00,6.25,a,2
408,1,Guayule MAC D050 2018,2019-04-12 00:00:00,4.7,a,2
409,1,Guayule MAC D050 2018,2019-04-13 00:00:00,4.7,a,2
410,1,Guayule MAC D050 2018,2019-04-14 00:00:00,4.7,a,2
411,1,Guayule MAC D050 2018,2019-04-15 00:00:00,4.9,a,2
412,1,Guayule MAC D050 2018,2019-04-18 00:00:00,4.75,a,2
413,1,Guayule MAC D050 2018,2019-04-19 00:00:00,4.75,a,2
414,1,Guayule MAC D050 2018,2019-04-20 00:00:00,4.75,a,2
415,1,Guayule MAC D050 2018,2019-04-22 00:00:00,4.95,a,2
416,1,Guayule MAC D050 2018,2019-04-23 00:00:00,7.2,a,2
417,1,Guayule MAC D050 2018,2019-04-24 00:00:00,7.2,a,2
418,1,Guayule MAC D050 2018,2019-04-25 00:00:00,7.15,a,2
419,1,Guayule MAC D050 2018,2019-04-28 00:00:00,6.95,a,2
420,1,Guayule MAC D050 2018,2019-04-29 00:00:00,7,a,2
421,1,Guayule MAC D050 2018,2019-04-30 00:00:00,6.85,a,2
422,1,Guayule MAC D050 2018,2019-05-01 00:00:00,6.95,a,2
423,1,Guayule MAC D050 2018,2019-05-02 00:00:00,7,a,2
424,1,Guayule MAC D050 2018,2019-05-03 00:00:00,7,a,2
425,1,Guayule MAC D050 2018,2019-05-08 00:00:00,6.9,a,2
426,1,Guayule MAC D050 2018,2019-05-09 00:00:00,6.85,a,2
427,1,Guayule MAC D050 2018,2019-05-10 00:00:00,6.85,a,2
428,1,Guayule MAC D050 2018,2019-05-11 00:00:00,6.85,a,2
429,1,Guayule MAC D050 2018,2019-05-12 00:00:00,6.85,a,2
430,1,Guayule MAC D050 2018,2019-05-14 00:00:00,4.75,a,2
431,1,Guayule MAC D050 2018,2019-05-15 00:00:00,4.75,a,2
432,1,Guayule MAC D050 2018,2019-05-16 00:00:00,4.75,a,2
433,1,Guayule MAC D050 2018,2019-05-17 00:00:00,4.75,a,2
434,1,Guayule MAC D050 2018,2019-05-18 00:00:00,4.75,a,2
435,1,Guayule MAC D050 2018,2019-05-19 00:00:00,4.75,a,2
436,1,Guayule MAC D050 2018,2019-05-21 00:00:00,4.7,a,2
437,1,Guayule MAC D050 2018,2019-05-22 00:00:00,4.7,a,2
438,1,Guayule MAC D050 2018,2019-05-23 00:00:00,4.7,a,2
439,1,Guayule MAC D050 2018,2019-05-24 00:00:00,5,a,2
440,1,Guayule MAC D050 2018,2019-05-27 00:00:00,6.95,a,2
441,1,Guayule MAC D050 2018,2019-05-28 00:00:00,6.95,a,2
442,1,Guayule MAC D050 2018,2019-05-29 00:00:00,6.95,a,2
443,1,Guayule MAC D050 2018,2019-05-30 00:00:00,6.95,a,2
444,1,Guayule MAC D050 2018,2019-05-31 00:00:00,6.95,a,2
445,1,Guayule MAC D050 2018,2019-06-03 00:00:00,5.7,a,2
446,1,Guayule MAC D050 2018,2019-06-04 00:00:00,5.7,a,2
447,1,Guayule MAC D050 2018,2019-06-05 00:00:00,5.7,a,2
448,1,Guayule MAC D050 2018,2019-06-06 00:00:00,5.7,a,2
449,1,Guayule MAC D050 2018,2019-06-07 00:00:00,5.7,a,2
450,1,Guayule MAC D050 2018,2019-06-08 00:00:00,5.7,a,2
451,1,Guayule MAC D050 2018,2019-06-09 00:00:00,5.7,a,2
452,1,Guayule MAC D050 2018,2019-06-10 00:00:00,8.1,a,2
453,1,Guayule MAC D050 2018,2019-06-11 00:00:00,8.1,a,2
454,1,Guayule MAC D050 2018,2019-06-12 00:00:00,8.1,a,2
455,1,Guayule MAC D050 2018,2019-06-13 00:00:00,8.1,a,2
456,1,Guayule MAC D050 2018,2019-06-14 00:00:00,8.1,a,2
457,1,Guayule MAC D050 2018,2019-06-15 00:00:00,8.1,a,2
458,1,Guayule MAC D050 2018,2019-06-17 00:00:00,5.5,a,2
459,1,Guayule MAC D050 2018,2019-06-18 00:00:00,5.5,a,2
460,1,Guayule MAC D050 2018,2019-06-19 00:00:00,5.5,a,2
461,1,Guayule MAC D050 2018,2019-06-20 00:00:00,5.5,a,2
462,1,Guayule MAC D050 2018,2019-06-21 00:00:00,5.5,a,2
463,1,Guayule MAC D050 2018,2019-06-22 00:00:00,5.5,a,2
464,1,Guayule MAC D050 2018,2019-06-24 00:00:00,4.6,a,2
465,1,Guayule MAC D050 2018,2019-06-25 00:00:00,4.6,a,2
466,1,Guayule MAC D050 2018,2019-06-26 00:00:00,4.6,a,2
467,1,Guayule MAC D050 2018,2019-06-27 00:00:00,4.6,a,2
468,1,Guayule MAC D050 2018,2019-06-28 00:00:00,4.6,a,2
469,1,Guayule MAC D050 2018,2019-06-29 00:00:00,4.6,a,2
470,1,Guayule MAC D050 2018,2019-06-30 00:00:00,4.6,a,2
471,1,Guayule MAC D050 2018,2019-07-01 00:00:00,11.1,a,2
472,1,Guayule MAC D050 2018,2019-07-02 00:00:00,8.55,a,2
473,1,Guayule MAC D050 2018,2019-07-03 00:00:00,8.5,a,2
474,1,Guayule MAC D050 2018,2019-07-04 00:00:00,12.7,a,2
475,1,Guayule MAC D050 2018,2019-07-05 00:00:00,12.7,a,2
476,1,Guayule MAC D050 2018,2019-07-07 00:00:00,12.15,a,2
477,1,Guayule MAC D050 2018,2019-07-08 00:00:00,2.9,a,2
478,1,Guayule MAC D050 2018,2019-07-09 00:00:00,2.9,a,2
479,1,Guayule MAC D050 2018,2019-07-10 00:00:00,2.9,a,2
480,1,Guayule MAC D050 2018,2019-07-11 00:00:00,12,a,2
481,1,Guayule MAC D050 2018,2019-07-12 00:00:00,13.55,a,2
482,1,Guayule MAC D050 2018,2019-07-16 00:00:00,5.6,a,2
483,1,Guayule MAC D050 2018,2019-07-17 00:00:00,5.6,a,2
484,1,Guayule MAC D050 2018,2019-07-18 00:00:00,5.6,a,2
485,1,Guayule MAC D050 2018,2019-07-19 00:00:00,5.4,a,2
486,1,Guayule MAC D050 2018,2019-07-20 00:00:00,5.4,a,2
487,1,Guayule MAC D050 2018,2019-07-21 00:00:00,5.4,a,2
488,1,Guayule MAC D050 2018,2019-07-22 00:00:00,5.55,a,2
489,1,Guayule MAC D050 2018,2019-07-24 00:00:00,5.5,a,2
490,1,Guayule MAC D050 2018,2019-07-25 00:00:00,5.5,a,2
491,1,Guayule MAC D050 2018,2019-07-26 00:00:00,6.55,a,2
492,1,Guayule MAC D050 2018,2019-07-27 00:00:00,6.55,a,2
493,1,Guayule MAC D050 2018,2019-07-28 00:00:00,6.55,a,2
494,1,Guayule MAC D050 2018,2019-07-30 00:00:00,5,a,2
495,1,Guayule MAC D050 2018,2019-07-31 00:00:00,5,a,2
496,1,Guayule MAC D075 2018,2018-04-20 00:00:00,33,a,2
497,1,Guayule MAC D075 2018,2018-04-21 00:00:00,31.5,a,2
498,1,Guayule MAC D075 2018,2018-04-22 00:00:00,15.75,a,2
499,1,Guayule MAC D075 2018,2018-04-23 00:00:00,15,a,2
500,1,Guayule MAC D075 2018,2018-04-24 00:00:00,9,a,2
501,1,Guayule MAC D075 2018,2018-04-25 00:00:00,11.25,a,2
502,1,Guayule MAC D075 2018,2018-04-26 00:00:00,29.25,a,2
503,1,Guayule MAC D075 2018,2018-04-27 00:00:00,45,a,2
504,1,Guayule MAC D075 2018,2018-04-28 00:00:00,8.25,a,2
505,1,Guayule MAC D075 2018,2018-04-29 00:00:00,4.5,a,2
506,1,Guayule MAC D075 2018,2018-04-30 00:00:00,4.5,a,2
507,1,Guayule MAC D075 2018,2018-05-01 00:00:00,6,a,2
508,1,Guayule MAC D075 2018,2018-05-03 00:00:00,9.15,a,2
509,1,Guayule MAC D075 2018,2018-05-05 00:00:00,11.1,a,2
510,1,Guayule MAC D075 2018,2018-05-07 00:00:00,11.1,a,2
511,1,Guayule MAC D075 2018,2018-05-09 00:00:00,11.1,a,2
512,1,Guayule MAC D075 2018,2018-05-11 00:00:00,11.1,a,2
513,1,Guayule MAC D075 2018,2018-05-13 00:00:00,11.1,a,2
514,1,Guayule MAC D075 2018,2018-05-16 00:00:00,8.925,a,2
515,1,Guayule MAC D075 2018,2018-05-17 00:00:00,11.1,a,2
516,1,Guayule MAC D075 2018,2018-05-19 00:00:00,11.1,a,2
517,1,Guayule MAC D075 2018,2018-05-21 00:00:00,11.25,a,2
518,1,Guayule MAC D075 2018,2018-05-22 00:00:00,12.75,a,2
519,1,Guayule MAC D075 2018,2018-05-26 00:00:00,11.25,a,2
520,1,Guayule MAC D075 2018,2018-05-28 00:00:00,11.25,a,2
521,1,Guayule MAC D075 2018,2018-05-29 00:00:00,7.5,a,2
522,1,Guayule MAC D075 2018,2018-05-30 00:00:00,7.5,a,2
523,1,Guayule MAC D075 2018,2018-05-31 00:00:00,11.25,a,2
524,1,Guayule MAC D075 2018,2018-06-01 00:00:00,11.25,a,2
525,1,Guayule MAC D075 2018,2018-06-05 00:00:00,8.25,a,2
526,1,Guayule MAC D075 2018,2018-06-06 00:00:00,8.25,a,2
527,1,Guayule MAC D075 2018,2018-06-07 00:00:00,12,a,2
528,1,Guayule MAC D075 2018,2018-06-08 00:00:00,12,a,2
529,1,Guayule MAC D075 2018,2018-06-09 00:00:00,12,a,2
530,1,Guayule MAC D075 2018,2018-06-10 00:00:00,12,a,2
531,1,Guayule MAC D075 2018,2018-06-15 00:00:00,12,a,2
532,1,Guayule MAC D075 2018,2018-06-22 00:00:00,12,a,2
533,1,Guayule MAC D075 2018,2018-06-28 00:00:00,8.1,a,2
534,1,Guayule MAC D075 2018,2018-07-02 00:00:00,13.5,a,2
535,1,Guayule MAC D075 2018,2018-07-04 00:00:00,13.5,a,2
536,1,Guayule MAC D075 2018,2018-07-05 00:00:00,13.5,a,2
537,1,Guayule MAC D075 2018,2018-07-06 00:00:00,13.5,a,2
538,1,Guayule MAC D075 2018,2018-07-07 00:00:00,13.5,a,2
539,1,Guayule MAC D075 2018,2018-07-09 00:00:00,8.25,a,2
540,1,Guayule MAC D075 2018,2018-07-10 00:00:00,8.25,a,2
541,1,Guayule MAC D075 2018,2018-07-11 00:00:00,8.25,a,2
542,1,Guayule MAC D075 2018,2018-07-13 00:00:00,8.25,a,2
543,1,Guayule MAC D075 2018,2018-07-16 00:00:00,8.25,a,2
544,1,Guayule MAC D075 2018,2018-07-20 00:00:00,20.325,a,2
545,1,Guayule MAC D075 2018,2018-07-21 00:00:00,21.6,a,2
546,1,Guayule MAC D075 2018,2018-07-22 00:00:00,8.4,a,2
547,1,Guayule MAC D075 2018,2018-07-23 00:00:00,8.4,a,2
548,1,Guayule MAC D075 2018,2018-07-25 00:00:00,8.4,a,2
549,1,Guayule MAC D075 2018,2018-07-26 00:00:00,10.65,a,2
550,1,Guayule MAC D075 2018,2018-07-27 00:00:00,8.25,a,2
551,1,Guayule MAC D075 2018,2018-07-28 00:00:00,8.25,a,2
552,1,Guayule MAC D075 2018,2018-07-29 00:00:00,17.775,a,2
553,1,Guayule MAC D075 2018,2018-07-31 00:00:00,12,a,2
554,1,Guayule MAC D075 2018,2018-08-02 00:00:00,12,a,2
555,1,Guayule MAC D075 2018,2018-08-08 00:00:00,12,a,2
556,1,Guayule MAC D075 2018,2018-08-09 00:00:00,12,a,2
557,1,Guayule MAC D075 2018,2018-08-12 00:00:00,24,a,2
558,1,Guayule MAC D075 2018,2018-08-16 00:00:00,6.15,a,2
559,1,Guayule MAC D075 2018,2018-08-17 00:00:00,8.025,a,2
560,1,Guayule MAC D075 2018,2018-08-19 00:00:00,8.025,a,2
561,1,Guayule MAC D075 2018,2018-08-23 00:00:00,9.15,a,2
562,1,Guayule MAC D075 2018,2018-08-24 00:00:00,9.15,a,2
563,1,Guayule MAC D075 2018,2018-08-25 00:00:00,9.15,a,2
564,1,Guayule MAC D075 2018,2018-08-28 00:00:00,9,a,2
565,1,Guayule MAC D075 2018,2018-08-29 00:00:00,9,a,2
566,1,Guayule MAC D075 2018,2018-08-30 00:00:00,9,a,2
567,1,Guayule MAC D075 2018,2018-08-31 00:00:00,9,a,2
568,1,Guayule MAC D075 2018,2018-09-01 00:00:00,9,a,2
569,1,Guayule MAC D075 2018,2018-09-02 00:00:00,9,a,2
570,1,Guayule MAC D075 2018,2018-09-03 00:00:00,9,a,2
571,1,Guayule MAC D075 2018,2018-09-04 00:00:00,9,a,2
572,1,Guayule MAC D075 2018,2018-09-11 00:00:00,9,a,2
573,1,Guayule MAC D075 2018,2018-09-12 00:00:00,13.5,a,2
574,1,Guayule MAC D075 2018,2018-09-13 00:00:00,9,a,2
575,1,Guayule MAC D075 2018,2018-09-14 00:00:00,9,a,2
576,1,Guayule MAC D075 2018,2018-09-15 00:00:00,9,a,2
577,1,Guayule MAC D075 2018,2018-09-19 00:00:00,18,a,2
578,1,Guayule MAC D075 2018,2018-09-20 00:00:00,18,a,2
579,1,Guayule MAC D075 2018,2018-09-21 00:00:00,9,a,2
580,1,Guayule MAC D075 2018,2018-09-22 00:00:00,9,a,2
581,1,Guayule MAC D075 2018,2018-09-23 00:00:00,9,a,2
582,1,Guayule MAC D075 2018,2018-09-24 00:00:00,9,a,2
583,1,Guayule MAC D075 2018,2018-09-28 00:00:00,18,a,2
584,1,Guayule MAC D075 2018,2018-09-29 00:00:00,9,a,2
585,1,Guayule MAC D075 2018,2018-09-30 00:00:00,9,a,2
586,1,Guayule MAC D075 2018,2018-10-04 00:00:00,9,a,2
587,1,Guayule MAC D075 2018,2018-10-28 00:00:00,23.25,a,2
588,1,Guayule MAC D075 2018,2018-10-30 00:00:00,23.25,a,2
589,1,Guayule MAC D075 2018,2018-11-01 00:00:00,9,a,2
590,1,Guayule MAC D075 2018,2018-11-03 00:00:00,18,a,2
591,1,Guayule MAC D075 2018,2018-11-07 00:00:00,9,a,2
592,1,Guayule MAC D075 2018,2018-11-10 00:00:00,9,a,2
593,1,Guayule MAC D075 2018,2018-11-13 00:00:00,9,a,2
594,1,Guayule MAC D075 2018,2018-11-15 00:00:00,9,a,2
595,1,Guayule MAC D075 2018,2019-02-13 00:00:00,10.8525,a,2
596,1,Guayule MAC D075 2018,2019-02-16 00:00:00,5.4249975,a,2
597,1,Guayule MAC D075 2018,2019-02-17 00:00:00,7.725,a,2
598,1,Guayule MAC D075 2018,2019-02-21 00:00:00,7.725,a,2
599,1,Guayule MAC D075 2018,2019-03-19 00:00:00,7.539304259,a,2
600,1,Guayule MAC D075 2018,2019-03-20 00:00:00,7.479818784,a,2
601,1,Guayule MAC D075 2018,2019-03-21 00:00:00,7.596870848,a,2
602,1,Guayule MAC D075 2018,2019-03-22 00:00:00,7.418414423,a,2
603,1,Guayule MAC D075 2018,2019-03-23 00:00:00,7.080690435,a,2
604,1,Guayule MAC D075 2018,2019-03-27 00:00:00,7.575,a,2
605,1,Guayule MAC D075 2018,2019-03-28 00:00:00,7.575,a,2
606,1,Guayule MAC D075 2018,2019-04-02 00:00:00,7.05,a,2
607,1,Guayule MAC D075 2018,2019-04-03 00:00:00,7.05,a,2
608,1,Guayule MAC D075 2018,2019-04-04 00:00:00,7.05,a,2
609,1,Guayule MAC D075 2018,2019-04-07 00:00:00,7.05,a,2
610,1,Guayule MAC D075 2018,2019-04-10 00:00:00,9.375,a,2
611,1,Guayule MAC D075 2018,2019-04-12 00:00:00,7.05,a,2
612,1,Guayule MAC D075 2018,2019-04-13 00:00:00,7.05,a,2
613,1,Guayule MAC D075 2018,2019-04-14 00:00:00,7.05,a,2
614,1,Guayule MAC D075 2018,2019-04-15 00:00:00,7.35,a,2
615,1,Guayule MAC D075 2018,2019-04-18 00:00:00,7.125,a,2
616,1,Guayule MAC D075 2018,2019-04-19 00:00:00,7.125,a,2
617,1,Guayule MAC D075 2018,2019-04-20 00:00:00,7.125,a,2
618,1,Guayule MAC D075 2018,2019-04-22 00:00:00,7.425,a,2
619,1,Guayule MAC D075 2018,2019-04-23 00:00:00,10.8,a,2
620,1,Guayule MAC D075 2018,2019-04-24 00:00:00,10.8,a,2
621,1,Guayule MAC D075 2018,2019-04-25 00:00:00,10.725,a,2
622,1,Guayule MAC D075 2018,2019-04-28 00:00:00,10.425,a,2
623,1,Guayule MAC D075 2018,2019-04-29 00:00:00,10.5,a,2
624,1,Guayule MAC D075 2018,2019-04-30 00:00:00,10.275,a,2
625,1,Guayule MAC D075 2018,2019-05-01 00:00:00,10.425,a,2
626,1,Guayule MAC D075 2018,2019-05-02 00:00:00,10.5,a,2
627,1,Guayule MAC D075 2018,2019-05-03 00:00:00,10.5,a,2
628,1,Guayule MAC D075 2018,2019-05-08 00:00:00,10.35,a,2
629,1,Guayule MAC D075 2018,2019-05-09 00:00:00,10.275,a,2
630,1,Guayule MAC D075 2018,2019-05-10 00:00:00,10.275,a,2
631,1,Guayule MAC D075 2018,2019-05-11 00:00:00,10.275,a,2
632,1,Guayule MAC D075 2018,2019-05-12 00:00:00,10.275,a,2
633,1,Guayule MAC D075 2018,2019-05-14 00:00:00,7.125,a,2
634,1,Guayule MAC D075 2018,2019-05-15 00:00:00,7.125,a,2
635,1,Guayule MAC D075 2018,2019-05-16 00:00:00,7.125,a,2
636,1,Guayule MAC D075 2018,2019-05-17 00:00:00,7.125,a,2
637,1,Guayule MAC D075 2018,2019-05-18 00:00:00,7.125,a,2
638,1,Guayule MAC D075 2018,2019-05-19 00:00:00,7.125,a,2
639,1,Guayule MAC D075 2018,2019-05-21 00:00:00,7.05,a,2
640,1,Guayule MAC D075 2018,2019-05-22 00:00:00,7.05,a,2
641,1,Guayule MAC D075 2018,2019-05-23 00:00:00,7.05,a,2
642,1,Guayule MAC D075 2018,2019-05-24 00:00:00,7.5,a,2
643,1,Guayule MAC D075 2018,2019-05-27 00:00:00,10.425,a,2
644,1,Guayule MAC D075 2018,2019-05-28 00:00:00,10.425,a,2
645,1,Guayule MAC D075 2018,2019-05-29 00:00:00,10.425,a,2
646,1,Guayule MAC D075 2018,2019-05-30 00:00:00,10.425,a,2
647,1,Guayule MAC D075 2018,2019-05-31 00:00:00,10.425,a,2
648,1,Guayule MAC D075 2018,2019-06-03 00:00:00,8.55,a,2
649,1,Guayule MAC D075 2018,2019-06-04 00:00:00,8.55,a,2
650,1,Guayule MAC D075 2018,2019-06-05 00:00:00,8.55,a,2
651,1,Guayule MAC D075 2018,2019-06-06 00:00:00,8.55,a,2
652,1,Guayule MAC D075 2018,2019-06-07 00:00:00,8.55,a,2
653,1,Guayule MAC D075 2018,2019-06-08 00:00:00,8.55,a,2
654,1,Guayule MAC D075 2018,2019-06-09 00:00:00,8.55,a,2
655,1,Guayule MAC D075 2018,2019-06-10 00:00:00,12.15,a,2
656,1,Guayule MAC D075 2018,2019-06-11 00:00:00,12.15,a,2
657,1,Guayule MAC D075 2018,2019-06-12 00:00:00,12.15,a,2
658,1,Guayule MAC D075 2018,2019-06-13 00:00:00,12.15,a,2
659,1,Guayule MAC D075 2018,2019-06-14 00:00:00,12.15,a,2
660,1,Guayule MAC D075 2018,2019-06-15 00:00:00,12.15,a,2
661,1,Guayule MAC D075 2018,2019-06-17 00:00:00,8.25,a,2
662,1,Guayule MAC D075 2018,2019-06-18 00:00:00,8.25,a,2
663,1,Guayule MAC D075 2018,2019-06-19 00:00:00,8.25,a,2
664,1,Guayule MAC D075 2018,2019-06-20 00:00:00,8.25,a,2
665,1,Guayule MAC D075 2018,2019-06-21 00:00:00,8.25,a,2
666,1,Guayule MAC D075 2018,2019-06-22 00:00:00,8.25,a,2
667,1,Guayule MAC D075 2018,2019-06-24 00:00:00,6.9,a,2
668,1,Guayule MAC D075 2018,2019-06-25 00:00:00,6.9,a,2
669,1,Guayule MAC D075 2018,2019-06-26 00:00:00,6.9,a,2
670,1,Guayule MAC D075 2018,2019-06-27 00:00:00,6.9,a,2
671,1,Guayule MAC D075 2018,2019-06-28 00:00:00,6.9,a,2
672,1,Guayule MAC D075 2018,2019-06-29 00:00:00,6.9,a,2
673,1,Guayule MAC D075 2018,2019-06-30 00:00:00,6.9,a,2
674,1,Guayule MAC D075 2018,2019-07-01 00:00:00,16.65,a,2
675,1,Guayule MAC D075 2018,2019-07-02 00:00:00,12.825,a,2
676,1,Guayule MAC D075 2018,2019-07-03 00:00:00,12.75,a,2
677,1,Guayule MAC D075 2018,2019-07-04 00:00:00,19.05,a,2
678,1,Guayule MAC D075 2018,2019-07-05 00:00:00,19.05,a,2
679,1,Guayule MAC D075 2018,2019-07-07 00:00:00,18.225,a,2
680,1,Guayule MAC D075 2018,2019-07-08 00:00:00,4.35,a,2
681,1,Guayule MAC D075 2018,2019-07-09 00:00:00,4.35,a,2
682,1,Guayule MAC D075 2018,2019-07-10 00:00:00,4.35,a,2
683,1,Guayule MAC D075 2018,2019-07-11 00:00:00,18,a,2
684,1,Guayule MAC D075 2018,2019-07-12 00:00:00,20.325,a,2
685,1,Guayule MAC D075 2018,2019-07-16 00:00:00,8.4,a,2
686,1,Guayule MAC D075 2018,2019-07-17 00:00:00,8.4,a,2
687,1,Guayule MAC D075 2018,2019-07-18 00:00:00,8.4,a,2
688,1,Guayule MAC D075 2018,2019-07-19 00:00:00,8.1,a,2
689,1,Guayule MAC D075 2018,2019-07-20 00:00:00,8.1,a,2
690,1,Guayule MAC D075 2018,2019-07-21 00:00:00,8.1,a,2
691,1,Guayule MAC D075 2018,2019-07-22 00:00:00,8.325,a,2
692,1,Guayule MAC D075 2018,2019-07-24 00:00:00,8.25,a,2
693,1,Guayule MAC D075 2018,2019-07-25 00:00:00,8.25,a,2
694,1,Guayule MAC D075 2018,2019-07-26 00:00:00,9.825,a,2
695,1,Guayule MAC D075 2018,2019-07-27 00:00:00,9.825,a,2
696,1,Guayule MAC D075 2018,2019-07-28 00:00:00,9.825,a,2
697,1,Guayule MAC D075 2018,2019-07-30 00:00:00,7.5,a,2
698,1,Guayule MAC D075 2018,2019-07-31 00:00:00,7.5,a,2
699,1,Guayule MAC D125 2018,2018-04-20 00:00:00,55,a,2
700,1,Guayule MAC D125 2018,2018-04-21 00:00:00,52.5,a,2
701,1,Guayule MAC D125 2018,2018-04-22 00:00:00,26.25,a,2
702,1,Guayule MAC D125 2018,2018-04-23 00:00:00,25,a,2
703,1,Guayule MAC D125 2018,2018-04-24 00:00:00,15,a,2
704,1,Guayule MAC D125 2018,2018-04-25 00:00:00,18.75,a,2
705,1,Guayule MAC D125 2018,2018-04-26 00:00:00,48.75,a,2
706,1,Guayule MAC D125 2018,2018-04-27 00:00:00,75,a,2
707,1,Guayule MAC D125 2018,2018-04-28 00:00:00,13.75,a,2
708,1,Guayule MAC D125 2018,2018-04-29 00:00:00,7.5,a,2
709,1,Guayule MAC D125 2018,2018-04-30 00:00:00,7.5,a,2
710,1,Guayule MAC D125 2018,2018-05-01 00:00:00,10,a,2
711,1,Guayule MAC D125 2018,2018-05-03 00:00:00,15.25,a,2
712,1,Guayule MAC D125 2018,2018-05-05 00:00:00,18.5,a,2
713,1,Guayule MAC D125 2018,2018-05-07 00:00:00,18.5,a,2
714,1,Guayule MAC D125 2018,2018-05-09 00:00:00,18.5,a,2
715,1,Guayule MAC D125 2018,2018-05-11 00:00:00,18.5,a,2
716,1,Guayule MAC D125 2018,2018-05-13 00:00:00,18.5,a,2
717,1,Guayule MAC D125 2018,2018-05-16 00:00:00,14.875,a,2
718,1,Guayule MAC D125 2018,2018-05-17 00:00:00,18.5,a,2
719,1,Guayule MAC D125 2018,2018-05-19 00:00:00,18.5,a,2
720,1,Guayule MAC D125 2018,2018-05-21 00:00:00,18.75,a,2
721,1,Guayule MAC D125 2018,2018-05-22 00:00:00,21.25,a,2
722,1,Guayule MAC D125 2018,2018-05-26 00:00:00,18.75,a,2
723,1,Guayule MAC D125 2018,2018-05-28 00:00:00,18.75,a,2
724,1,Guayule MAC D125 2018,2018-05-29 00:00:00,12.5,a,2
725,1,Guayule MAC D125 2018,2018-05-30 00:00:00,12.5,a,2
726,1,Guayule MAC D125 2018,2018-05-31 00:00:00,18.75,a,2
727,1,Guayule MAC D125 2018,2018-06-01 00:00:00,18.75,a,2
728,1,Guayule MAC D125 2018,2018-06-05 00:00:00,13.75,a,2
729,1,Guayule MAC D125 2018,2018-06-06 00:00:00,13.75,a,2
730,1,Guayule MAC D125 2018,2018-06-07 00:00:00,20,a,2
731,1,Guayule MAC D125 2018,2018-06-08 00:00:00,20,a,2
732,1,Guayule MAC D125 2018,2018-06-09 00:00:00,20,a,2
733,1,Guayule MAC D125 2018,2018-06-10 00:00:00,20,a,2
734,1,Guayule MAC D125 2018,2018-06-15 00:00:00,20,a,2
735,1,Guayule MAC D125 2018,2018-06-22 00:00:00,20,a,2
736,1,Guayule MAC D125 2018,2018-06-28 00:00:00,13.5,a,2
737,1,Guayule MAC D125 2018,2018-07-02 00:00:00,22.5,a,2
738,1,Guayule MAC D125 2018,2018-07-04 00:00:00,22.5,a,2
739,1,Guayule MAC D125 2018,2018-07-05 00:00:00,22.5,a,2
740,1,Guayule MAC D125 2018,2018-07-06 00:00:00,22.5,a,2
741,1,Guayule MAC D125 2018,2018-07-07 00:00:00,22.5,a,2
742,1,Guayule MAC D125 2018,2018-07-09 00:00:00,13.75,a,2
743,1,Guayule MAC D125 2018,2018-07-10 00:00:00,13.75,a,2
744,1,Guayule MAC D125 2018,2018-07-11 00:00:00,13.75,a,2
745,1,Guayule MAC D125 2018,2018-07-13 00:00:00,13.75,a,2
746,1,Guayule MAC D125 2018,2018-07-16 00:00:00,13.75,a,2
747,1,Guayule MAC D125 2018,2018-07-20 00:00:00,33.875,a,2
748,1,Guayule MAC D125 2018,2018-07-21 00:00:00,36,a,2
749,1,Guayule MAC D125 2018,2018-07-22 00:00:00,14,a,2
750,1,Guayule MAC D125 2018,2018-07-23 00:00:00,14,a,2
751,1,Guayule MAC D125 2018,2018-07-25 00:00:00,14,a,2
752,1,Guayule MAC D125 2018,2018-07-26 00:00:00,17.75,a,2
753,1,Guayule MAC D125 2018,2018-07-27 00:00:00,13.75,a,2
754,1,Guayule MAC D125 2018,2018-07-28 00:00:00,13.75,a,2
755,1,Guayule MAC D125 2018,2018-07-29 00:00:00,29.625,a,2
756,1,Guayule MAC D125 2018,2018-07-31 00:00:00,20,a,2
757,1,Guayule MAC D125 2018,2018-08-02 00:00:00,20,a,2
758,1,Guayule MAC D125 2018,2018-08-08 00:00:00,20,a,2
759,1,Guayule MAC D125 2018,2018-08-09 00:00:00,20,a,2
760,1,Guayule MAC D125 2018,2018-08-12 00:00:00,40,a,2
761,1,Guayule MAC D125 2018,2018-08-16 00:00:00,10.25,a,2
762,1,Guayule MAC D125 2018,2018-08-17 00:00:00,13.375,a,2
763,1,Guayule MAC D125 2018,2018-08-19 00:00:00,13.375,a,2
764,1,Guayule MAC D125 2018,2018-08-23 00:00:00,15.25,a,2
765,1,Guayule MAC D125 2018,2018-08-24 00:00:00,15.25,a,2
766,1,Guayule MAC D125 2018,2018-08-25 00:00:00,15.25,a,2
767,1,Guayule MAC D125 2018,2018-08-28 00:00:00,15,a,2
768,1,Guayule MAC D125 2018,2018-08-29 00:00:00,15,a,2
769,1,Guayule MAC D125 2018,2018-08-30 00:00:00,15,a,2
770,1,Guayule MAC D125 2018,2018-08-31 00:00:00,15,a,2
771,1,Guayule MAC D125 2018,2018-09-01 00:00:00,15,a,2
772,1,Guayule MAC D125 2018,2018-09-02 00:00:00,15,a,2
773,1,Guayule MAC D125 2018,2018-09-03 00:00:00,15,a,2
774,1,Guayule MAC D125 2018,2018-09-04 00:00:00,15,a,2
775,1,Guayule MAC D125 2018,2018-09-11 00:00:00,15,a,2
776,1,Guayule MAC D125 2018,2018-09-12 00:00:00,22.5,a,2
777,1,Guayule MAC D125 2018,2018-09-13 00:00:00,15,a,2
778,1,Guayule MAC D125 2018,2018-09-14 00:00:00,15,a,2
779,1,Guayule MAC D125 2018,2018-09-15 00:00:00,15,a,2
780,1,Guayule MAC D125 2018,2018-09-19 00:00:00,30,a,2
781,1,Guayule MAC D125 2018,2018-09-20 00:00:00,30,a,2
782,1,Guayule MAC D125 2018,2018-09-21 00:00:00,15,a,2
783,1,Guayule MAC D125 2018,2018-09-22 00:00:00,15,a,2
784,1,Guayule MAC D125 2018,2018-09-23 00:00:00,15,a,2
785,1,Guayule MAC D125 2018,2018-09-24 00:00:00,15,a,2
786,1,Guayule MAC D125 2018,2018-09-28 00:00:00,30,a,2
787,1,Guayule MAC D125 2018,2018-09-29 00:00:00,15,a,2
788,1,Guayule MAC D125 2018,2018-09-30 00:00:00,15,a,2
789,1,Guayule MAC D125 2018,2018-10-04 00:00:00,15,a,2
790,1,Guayule MAC D125 2018,2018-10-28 00:00:00,38.75,a,2
791,1,Guayule MAC D125 2018,2018-10-30 00:00:00,38.75,a,2
792,1,Guayule MAC D125 2018,2018-11-01 00:00:00,15,a,2
793,1,Guayule MAC D125 2018,2018-11-03 00:00:00,30,a,2
794,1,Guayule MAC D125 2018,2018-11-07 00:00:00,15,a,2
795,1,Guayule MAC D125 2018,2018-11-10 00:00:00,15,a,2
796,1,Guayule MAC D125 2018,2018-11-13 00:00:00,15,a,2
797,1,Guayule MAC D125 2018,2018-11-15 00:00:00,15,a,2
798,1,Guayule MAC D125 2018,2019-02-13 00:00:00,18.0875,a,2
799,1,Guayule MAC D125 2018,2019-02-16 00:00:00,9.0416625,a,2
800,1,Guayule MAC D125 2018,2019-02-17 00:00:00,12.875,a,2
801,1,Guayule MAC D125 2018,2019-02-21 00:00:00,12.875,a,2
802,1,Guayule MAC D125 2018,2019-03-19 00:00:00,12.5655071,a,2
803,1,Guayule MAC D125 2018,2019-03-20 00:00:00,12.46636464,a,2
804,1,Guayule MAC D125 2018,2019-03-21 00:00:00,12.66145141,a,2
805,1,Guayule MAC D125 2018,2019-03-22 00:00:00,12.36402404,a,2
806,1,Guayule MAC D125 2018,2019-03-23 00:00:00,11.80115072,a,2
807,1,Guayule MAC D125 2018,2019-03-27 00:00:00,12.625,a,2
808,1,Guayule MAC D125 2018,2019-03-28 00:00:00,12.625,a,2
809,1,Guayule MAC D125 2018,2019-04-02 00:00:00,11.75,a,2
810,1,Guayule MAC D125 2018,2019-04-03 00:00:00,11.75,a,2
811,1,Guayule MAC D125 2018,2019-04-04 00:00:00,11.75,a,2
812,1,Guayule MAC D125 2018,2019-04-07 00:00:00,11.75,a,2
813,1,Guayule MAC D125 2018,2019-04-10 00:00:00,15.625,a,2
814,1,Guayule MAC D125 2018,2019-04-12 00:00:00,11.75,a,2
815,1,Guayule MAC D125 2018,2019-04-13 00:00:00,11.75,a,2
816,1,Guayule MAC D125 2018,2019-04-14 00:00:00,11.75,a,2
817,1,Guayule MAC D125 2018,2019-04-15 00:00:00,12.25,a,2
818,1,Guayule MAC D125 2018,2019-04-18 00:00:00,11.875,a,2
819,1,Guayule MAC D125 2018,2019-04-19 00:00:00,11.875,a,2
820,1,Guayule MAC D125 2018,2019-04-20 00:00:00,11.875,a,2
821,1,Guayule MAC D125 2018,2019-04-22 00:00:00,12.375,a,2
822,1,Guayule MAC D125 2018,2019-04-23 00:00:00,18,a,2
823,1,Guayule MAC D125 2018,2019-04-24 00:00:00,18,a,2
824,1,Guayule MAC D125 2018,2019-04-25 00:00:00,17.875,a,2
825,1,Guayule MAC D125 2018,2019-04-28 00:00:00,17.375,a,2
826,1,Guayule MAC D125 2018,2019-04-29 00:00:00,17.5,a,2
827,1,Guayule MAC D125 2018,2019-04-30 00:00:00,17.125,a,2
828,1,Guayule MAC D125 2018,2019-05-01 00:00:00,17.375,a,2
829,1,Guayule MAC D125 2018,2019-05-02 00:00:00,17.5,a,2
830,1,Guayule MAC D125 2018,2019-05-03 00:00:00,17.5,a,2
831,1,Guayule MAC D125 2018,2019-05-08 00:00:00,17.25,a,2
832,1,Guayule MAC D125 2018,2019-05-09 00:00:00,17.125,a,2
833,1,Guayule MAC D125 2018,2019-05-10 00:00:00,17.125,a,2
834,1,Guayule MAC D125 2018,2019-05-11 00:00:00,17.125,a,2
835,1,Guayule MAC D125 2018,2019-05-12 00:00:00,17.125,a,2
836,1,Guayule MAC D125 2018,2019-05-14 00:00:00,11.875,a,2
837,1,Guayule MAC D125 2018,2019-05-15 00:00:00,11.875,a,2
838,1,Guayule MAC D125 2018,2019-05-16 00:00:00,11.875,a,2
839,1,Guayule MAC D125 2018,2019-05-17 00:00:00,11.875,a,2
840,1,Guayule MAC D125 2018,2019-05-18 00:00:00,11.875,a,2
841,1,Guayule MAC D125 2018,2019-05-19 00:00:00,11.875,a,2
842,1,Guayule MAC D125 2018,2019-05-21 00:00:00,11.75,a,2
843,1,Guayule MAC D125 2018,2019-05-22 00:00:00,11.75,a,2
844,1,Guayule MAC D125 2018,2019-05-23 00:00:00,11.75,a,2
845,1,Guayule MAC D125 2018,2019-05-24 00:00:00,12.5,a,2
846,1,Guayule MAC D125 2018,2019-05-27 00:00:00,17.375,a,2
847,1,Guayule MAC D125 2018,2019-05-28 00:00:00,17.375,a,2
848,1,Guayule MAC D125 2018,2019-05-29 00:00:00,17.375,a,2
849,1,Guayule MAC D125 2018,2019-05-30 00:00:00,17.375,a,2
850,1,Guayule MAC D125 2018,2019-05-31 00:00:00,17.375,a,2
851,1,Guayule MAC D125 2018,2019-06-03 00:00:00,14.25,a,2
852,1,Guayule MAC D125 2018,2019-06-04 00:00:00,14.25,a,2
853,1,Guayule MAC D125 2018,2019-06-05 00:00:00,14.25,a,2
854,1,Guayule MAC D125 2018,2019-06-06 00:00:00,14.25,a,2
855,1,Guayule MAC D125 2018,2019-06-07 00:00:00,14.25,a,2
856,1,Guayule MAC D125 2018,2019-06-08 00:00:00,14.25,a,2
857,1,Guayule MAC D125 2018,2019-06-09 00:00:00,14.25,a,2
858,1,Guayule MAC D125 2018,2019-06-10 00:00:00,20.25,a,2
859,1,Guayule MAC D125 2018,2019-06-11 00:00:00,20.25,a,2
860,1,Guayule MAC D125 2018,2019-06-12 00:00:00,20.25,a,2
861,1,Guayule MAC D125 2018,2019-06-13 00:00:00,20.25,a,2
862,1,Guayule MAC D125 2018,2019-06-14 00:00:00,20.25,a,2
863,1,Guayule MAC D125 2018,2019-06-15 00:00:00,20.25,a,2
864,1,Guayule MAC D125 2018,2019-06-17 00:00:00,13.75,a,2
865,1,Guayule MAC D125 2018,2019-06-18 00:00:00,13.75,a,2
866,1,Guayule MAC D125 2018,2019-06-19 00:00:00,13.75,a,2
867,1,Guayule MAC D125 2018,2019-06-20 00:00:00,13.75,a,2
868,1,Guayule MAC D125 2018,2019-06-21 00:00:00,13.75,a,2
869,1,Guayule MAC D125 2018,2019-06-22 00:00:00,13.75,a,2
870,1,Guayule MAC D125 2018,2019-06-24 00:00:00,11.5,a,2
871,1,Guayule MAC D125 2018,2019-06-25 00:00:00,11.5,a,2
872,1,Guayule MAC D125 2018,2019-06-26 00:00:00,11.5,a,2
873,1,Guayule MAC D125 2018,2019-06-27 00:00:00,11.5,a,2
874,1,Guayule MAC D125 2018,2019-06-28 00:00:00,11.5,a,2
875,1,Guayule MAC D125 2018,2019-06-29 00:00:00,11.5,a,2
876,1,Guayule MAC D125 2018,2019-06-30 00:00:00,11.5,a,2
877,1,Guayule MAC D125 2018,2019-07-01 00:00:00,27.75,a,2
878,1,Guayule MAC D125 2018,2019-07-02 00:00:00,21.375,a,2
879,1,Guayule MAC D125 2018,2019-07-03 00:00:00,21.25,a,2
880,1,Guayule MAC D125 2018,2019-07-04 00:00:00,31.75,a,2
881,1,Guayule MAC D125 2018,2019-07-05 00:00:00,31.75,a,2
882,1,Guayule MAC D125 2018,2019-07-07 00:00:00,30.375,a,2
883,1,Guayule MAC D125 2018,2019-07-08 00:00:00,7.25,a,2
884,1,Guayule MAC D125 2018,2019-07-09 00:00:00,7.25,a,2
885,1,Guayule MAC D125 2018,2019-07-10 00:00:00,7.25,a,2
886,1,Guayule MAC D125 2018,2019-07-11 00:00:00,30,a,2
887,1,Guayule MAC D125 2018,2019-07-12 00:00:00,33.875,a,2
888,1,Guayule MAC D125 2018,2019-07-16 00:00:00,14,a,2
889,1,Guayule MAC D125 2018,2019-07-17 00:00:00,14,a,2
890,1,Guayule MAC D125 2018,2019-07-18 00:00:00,14,a,2
891,1,Guayule MAC D125 2018,2019-07-19 00:00:00,13.5,a,2
892,1,Guayule MAC D125 2018,2019-07-20 00:00:00,13.5,a,2
893,1,Guayule MAC D125 2018,2019-07-21 00:00:00,13.5,a,2
894,1,Guayule MAC D125 2018,2019-07-22 00:00:00,13.875,a,2
895,1,Guayule MAC D125 2018,2019-07-24 00:00:00,13.75,a,2
896,1,Guayule MAC D125 2018,2019-07-25 00:00:00,13.75,a,2
897,1,Guayule MAC D125 2018,2019-07-26 00:00:00,16.375,a,2
898,1,Guayule MAC D125 2018,2019-07-27 00:00:00,16.375,a,2
899,1,Guayule MAC D125 2018,2019-07-28 00:00:00,16.375,a,2
900,1,Guayule MAC D125 2018,2019-07-30 00:00:00,12.5,a,2
901,1,Guayule MAC D125 2018,2019-07-31 00:00:00,12.5,a,2
902,1,Guayule MAC D150 2018,2018-04-20 00:00:00,66,a,2
903,1,Guayule MAC D150 2018,2018-04-21 00:00:00,63,a,2
904,1,Guayule MAC D150 2018,2018-04-22 00:00:00,31.5,a,2
905,1,Guayule MAC D150 2018,2018-04-23 00:00:00,30,a,2
906,1,Guayule MAC D150 2018,2018-04-24 00:00:00,18,a,2
907,1,Guayule MAC D150 2018,2018-04-25 00:00:00,22.5,a,2
908,1,Guayule MAC D150 2018,2018-04-26 00:00:00,58.5,a,2
909,1,Guayule MAC D150 2018,2018-04-27 00:00:00,90,a,2
910,1,Guayule MAC D150 2018,2018-04-28 00:00:00,16.5,a,2
911,1,Guayule MAC D150 2018,2018-04-29 00:00:00,9,a,2
912,1,Guayule MAC D150 2018,2018-04-30 00:00:00,9,a,2
913,1,Guayule MAC D150 2018,2018-05-01 00:00:00,12,a,2
914,1,Guayule MAC D150 2018,2018-05-03 00:00:00,18.3,a,2
915,1,Guayule MAC D150 2018,2018-05-05 00:00:00,22.2,a,2
916,1,Guayule MAC D150 2018,2018-05-07 00:00:00,22.2,a,2
917,1,Guayule MAC D150 2018,2018-05-09 00:00:00,22.2,a,2
918,1,Guayule MAC D150 2018,2018-05-11 00:00:00,22.2,a,2
919,1,Guayule MAC D150 2018,2018-05-13 00:00:00,22.2,a,2
920,1,Guayule MAC D150 2018,2018-05-16 00:00:00,17.85,a,2
921,1,Guayule MAC D150 2018,2018-05-17 00:00:00,22.2,a,2
922,1,Guayule MAC D150 2018,2018-05-19 00:00:00,22.2,a,2
923,1,Guayule MAC D150 2018,2018-05-21 00:00:00,22.5,a,2
924,1,Guayule MAC D150 2018,2018-05-22 00:00:00,25.5,a,2
925,1,Guayule MAC D150 2018,2018-05-26 00:00:00,22.5,a,2
926,1,Guayule MAC D150 2018,2018-05-28 00:00:00,22.5,a,2
927,1,Guayule MAC D150 2018,2018-05-29 00:00:00,15,a,2
928,1,Guayule MAC D150 2018,2018-05-30 00:00:00,15,a,2
929,1,Guayule MAC D150 2018,2018-05-31 00:00:00,22.5,a,2
930,1,Guayule MAC D150 2018,2018-06-01 00:00:00,22.5,a,2
931,1,Guayule MAC D150 2018,2018-06-05 00:00:00,16.5,a,2
932,1,Guayule MAC D150 2018,2018-06-06 00:00:00,16.5,a,2
933,1,Guayule MAC D150 2018,2018-06-07 00:00:00,24,a,2
934,1,Guayule MAC D150 2018,2018-06-08 00:00:00,24,a,2
935,1,Guayule MAC D150 2018,2018-06-09 00:00:00,24,a,2
936,1,Guayule MAC D150 2018,2018-06-10 00:00:00,24,a,2
937,1,Guayule MAC D150 2018,2018-06-15 00:00:00,24,a,2
938,1,Guayule MAC D150 2018,2018-06-22 00:00:00,24,a,2
939,1,Guayule MAC D150 2018,2018-06-28 00:00:00,16.2,a,2
940,1,Guayule MAC D150 2018,2018-07-02 00:00:00,27,a,2
941,1,Guayule MAC D150 2018,2018-07-04 00:00:00,27,a,2
942,1,Guayule MAC D150 2018,2018-07-05 00:00:00,27,a,2
943,1,Guayule MAC D150 2018,2018-07-06 00:00:00,27,a,2
944,1,Guayule MAC D150 2018,2018-07-07 00:00:00,27,a,2
945,1,Guayule MAC D150 2018,2018-07-09 00:00:00,16.5,a,2
946,1,Guayule MAC D150 2018,2018-07-10 00:00:00,16.5,a,2
947,1,Guayule MAC D150 2018,2018-07-11 00:00:00,16.5,a,2
948,1,Guayule MAC D150 2018,2018-07-13 00:00:00,16.5,a,2
949,1,Guayule MAC D150 2018,2018-07-16 00:00:00,16.5,a,2
950,1,Guayule MAC D150 2018,2018-07-20 00:00:00,40.65,a,2
951,1,Guayule MAC D150 2018,2018-07-21 00:00:00,43.2,a,2
952,1,Guayule MAC D150 2018,2018-07-22 00:00:00,16.8,a,2
953,1,Guayule MAC D150 2018,2018-07-23 00:00:00,16.8,a,2
954,1,Guayule MAC D150 2018,2018-07-25 00:00:00,16.8,a,2
955,1,Guayule MAC D150 2018,2018-07-26 00:00:00,21.3,a,2
956,1,Guayule MAC D150 2018,2018-07-27 00:00:00,16.5,a,2
957,1,Guayule MAC D150 2018,2018-07-28 00:00:00,16.5,a,2
958,1,Guayule MAC D150 2018,2018-07-29 00:00:00,35.55,a,2
959,1,Guayule MAC D150 2018,2018-07-31 00:00:00,24,a,2
960,1,Guayule MAC D150 2018,2018-08-02 00:00:00,24,a,2
961,1,Guayule MAC D150 2018,2018-08-08 00:00:00,24,a,2
962,1,Guayule MAC D150 2018,2018-08-09 00:00:00,24,a,2
963,1,Guayule MAC D150 2018,2018-08-12 00:00:00,48,a,2
964,1,Guayule MAC D150 2018,2018-08-16 00:00:00,12.3,a,2
965,1,Guayule MAC D150 2018,2018-08-17 00:00:00,16.05,a,2
966,1,Guayule MAC D150 2018,2018-08-19 00:00:00,16.05,a,2
967,1,Guayule MAC D150 2018,2018-08-23 00:00:00,18.3,a,2
968,1,Guayule MAC D150 2018,2018-08-24 00:00:00,18.3,a,2
969,1,Guayule MAC D150 2018,2018-08-25 00:00:00,18.3,a,2
970,1,Guayule MAC D150 2018,2018-08-28 00:00:00,18,a,2
971,1,Guayule MAC D150 2018,2018-08-29 00:00:00,18,a,2
972,1,Guayule MAC D150 2018,2018-08-30 00:00:00,18,a,2
973,1,Guayule MAC D150 2018,2018-08-31 00:00:00,18,a,2
974,1,Guayule MAC D150 2018,2018-09-01 00:00:00,18,a,2
975,1,Guayule MAC D150 2018,2018-09-02 00:00:00,18,a,2
976,1,Guayule MAC D150 2018,2018-09-03 00:00:00,18,a,2
977,1,Guayule MAC D150 2018,2018-09-04 00:00:00,18,a,2
978,1,Guayule MAC D150 2018,2018-09-11 00:00:00,18,a,2
979,1,Guayule MAC D150 2018,2018-09-12 00:00:00,27,a,2
980,1,Guayule MAC D150 2018,2018-09-13 00:00:00,18,a,2
981,1,Guayule MAC D150 2018,2018-09-14 00:00:00,18,a,2
982,1,Guayule MAC D150 2018,2018-09-15 00:00:00,18,a,2
983,1,Guayule MAC D150 2018,2018-09-19 00:00:00,36,a,2
984,1,Guayule MAC D150 2018,2018-09-20 00:00:00,36,a,2
985,1,Guayule MAC D150 2018,2018-09-21 00:00:00,18,a,2
986,1,Guayule MAC D150 2018,2018-09-22 00:00:00,18,a,2
987,1,Guayule MAC D150 2018,2018-09-23 00:00:00,18,a,2
988,1,Guayule MAC D150 2018,2018-09-24 00:00:00,18,a,2
989,1,Guayule MAC D150 2018,2018-09-28 00:00:00,36,a,2
990,1,Guayule MAC D150 2018,2018-09-29 00:00:00,18,a,2
991,1,Guayule MAC D150 2018,2018-09-30 00:00:00,18,a,2
992,1,Guayule MAC D150 2018,2018-10-04 00:00:00,18,a,2
993,1,Guayule MAC D150 2018,2018-10-28 00:00:00,46.5,a,2
994,1,Guayule MAC D150 2018,2018-10-30 00:00:00,46.5,a,2
995,1,Guayule MAC D150 2018,2018-11-01 00:00:00,18,a,2
996,1,Guayule MAC D150 2018,2018-11-03 00:00:00,36,a,2
997,1,Guayule MAC D150 2018,2018-11-07 00:00:00,18,a,2
998,1,Guayule MAC D150 2018,2018-11-10 00:00:00,18,a,2
999,1,Guayule MAC D150 2018,2018-11-13 00:00:00,18,a,2
1000,1,Guayule MAC D150 2018,2018-11-15 00:00:00,18,a,2
1001,1,Guayule MAC D150 2018,2019-02-13 00:00:00,21.705,a,2
1002,1,Guayule MAC D150 2018,2019-02-16 00:00:00,10.849995,a,2
1003,1,Guayule MAC D150 2018,2019-02-17 00:00:00,15.45,a,2
1004,1,Guayule MAC D150 2018,2019-02-21 00:00:00,15.45,a,2
1005,1,Guayule MAC D150 2018,2019-03-19 00:00:00,15.07860852,a,2
1006,1,Guayule MAC D150 2018,2019-03-20 00:00:00,14.95963757,a,2
1007,1,Guayule MAC D150 2018,2019-03-21 00:00:00,15.1937417,a,2
1008,1,Guayule MAC D150 2018,2019-03-22 00:00:00,14.83682885,a,2
1009,1,Guayule MAC D150 2018,2019-03-23 00:00:00,14.16138087,a,2
1010,1,Guayule MAC D150 2018,2019-03-27 00:00:00,15.15,a,2
1011,1,Guayule MAC D150 2018,2019-03-28 00:00:00,15.15,a,2
1012,1,Guayule MAC D150 2018,2019-04-02 00:00:00,14.1,a,2
1013,1,Guayule MAC D150 2018,2019-04-03 00:00:00,14.1,a,2
1014,1,Guayule MAC D150 2018,2019-04-04 00:00:00,14.1,a,2
1015,1,Guayule MAC D150 2018,2019-04-07 00:00:00,14.1,a,2
1016,1,Guayule MAC D150 2018,2019-04-10 00:00:00,18.75,a,2
1017,1,Guayule MAC D150 2018,2019-04-12 00:00:00,14.1,a,2
1018,1,Guayule MAC D150 2018,2019-04-13 00:00:00,14.1,a,2
1019,1,Guayule MAC D150 2018,2019-04-14 00:00:00,14.1,a,2
1020,1,Guayule MAC D150 2018,2019-04-15 00:00:00,14.7,a,2
1021,1,Guayule MAC D150 2018,2019-04-18 00:00:00,14.25,a,2
1022,1,Guayule MAC D150 2018,2019-04-19 00:00:00,14.25,a,2
1023,1,Guayule MAC D150 2018,2019-04-20 00:00:00,14.25,a,2
1024,1,Guayule MAC D150 2018,2019-04-22 00:00:00,14.85,a,2
1025,1,Guayule MAC D150 2018,2019-04-23 00:00:00,21.6,a,2
1026,1,Guayule MAC D150 2018,2019-04-24 00:00:00,21.6,a,2
1027,1,Guayule MAC D150 2018,2019-04-25 00:00:00,21.45,a,2
1028,1,Guayule MAC D150 2018,2019-04-28 00:00:00,20.85,a,2
1029,1,Guayule MAC D150 2018,2019-04-29 00:00:00,21,a,2
1030,1,Guayule MAC D150 2018,2019-04-30 00:00:00,20.55,a,2
1031,1,Guayule MAC D150 2018,2019-05-01 00:00:00,20.85,a,2
1032,1,Guayule MAC D150 2018,2019-05-02 00:00:00,21,a,2
1033,1,Guayule MAC D150 2018,2019-05-03 00:00:00,21,a,2
1034,1,Guayule MAC D150 2018,2019-05-08 00:00:00,20.7,a,2
1035,1,Guayule MAC D150 2018,2019-05-09 00:00:00,20.55,a,2
1036,1,Guayule MAC D150 2018,2019-05-10 00:00:00,20.55,a,2
1037,1,Guayule MAC D150 2018,2019-05-11 00:00:00,20.55,a,2
1038,1,Guayule MAC D150 2018,2019-05-12 00:00:00,20.55,a,2
1039,1,Guayule MAC D150 2018,2019-05-14 00:00:00,14.25,a,2
1040,1,Guayule MAC D150 2018,2019-05-15 00:00:00,14.25,a,2
1041,1,Guayule MAC D150 2018,2019-05-16 00:00:00,14.25,a,2
1042,1,Guayule MAC D150 2018,2019-05-17 00:00:00,14.25,a,2
1043,1,Guayule MAC D150 2018,2019-05-18 00:00:00,14.25,a,2
1044,1,Guayule MAC D150 2018,2019-05-19 00:00:00,14.25,a,2
1045,1,Guayule MAC D150 2018,2019-05-21 00:00:00,14.1,a,2
1046,1,Guayule MAC D150 2018,2019-05-22 00:00:00,14.1,a,2
1047,1,Guayule MAC D150 2018,2019-05-23 00:00:00,14.1,a,2
1048,1,Guayule MAC D150 2018,2019-05-24 00:00:00,15,a,2
1049,1,Guayule MAC D150 2018,2019-05-27 00:00:00,20.85,a,2
1050,1,Guayule MAC D150 2018,2019-05-28 00:00:00,20.85,a,2
1051,1,Guayule MAC D150 2018,2019-05-29 00:00:00,20.85,a,2
1052,1,Guayule MAC D150 2018,2019-05-30 00:00:00,20.85,a,2
1053,1,Guayule MAC D150 2018,2019-05-31 00:00:00,20.85,a,2
1054,1,Guayule MAC D150 2018,2019-06-03 00:00:00,17.1,a,2
1055,1,Guayule MAC D150 2018,2019-06-04 00:00:00,17.1,a,2
1056,1,Guayule MAC D150 2018,2019-06-05 00:00:00,17.1,a,2
1057,1,Guayule MAC D150 2018,2019-06-06 00:00:00,17.1,a,2
1058,1,Guayule MAC D150 2018,2019-06-07 00:00:00,17.1,a,2
1059,1,Guayule MAC D150 2018,2019-06-08 00:00:00,17.1,a,2
1060,1,Guayule MAC D150 2018,2019-06-09 00:00:00,17.1,a,2
1061,1,Guayule MAC D150 2018,2019-06-10 00:00:00,24.3,a,2
1062,1,Guayule MAC D150 2018,2019-06-11 00:00:00,24.3,a,2
1063,1,Guayule MAC D150 2018,2019-06-12 00:00:00,24.3,a,2
1064,1,Guayule MAC D150 2018,2019-06-13 00:00:00,24.3,a,2
1065,1,Guayule MAC D150 2018,2019-06-14 00:00:00,24.3,a,2
1066,1,Guayule MAC D150 2018,2019-06-15 00:00:00,24.3,a,2
1067,1,Guayule MAC D150 2018,2019-06-17 00:00:00,16.5,a,2
1068,1,Guayule MAC D150 2018,2019-06-18 00:00:00,16.5,a,2
1069,1,Guayule MAC D150 2018,2019-06-19 00:00:00,16.5,a,2
1070,1,Guayule MAC D150 2018,2019-06-20 00:00:00,16.5,a,2
1071,1,Guayule MAC D150 2018,2019-06-21 00:00:00,16.5,a,2
1072,1,Guayule MAC D150 2018,2019-06-22 00:00:00,16.5,a,2
1073,1,Guayule MAC D150 2018,2019-06-24 00:00:00,13.8,a,2
1074,1,Guayule MAC D150 2018,2019-06-25 00:00:00,13.8,a,2
1075,1,Guayule MAC D150 2018,2019-06-26 00:00:00,13.8,a,2
1076,1,Guayule MAC D150 2018,2019-06-27 00:00:00,13.8,a,2
1077,1,Guayule MAC D150 2018,2019-06-28 00:00:00,13.8,a,2
1078,1,Guayule MAC D150 2018,2019-06-29 00:00:00,13.8,a,2
1079,1,Guayule MAC D150 2018,2019-06-30 00:00:00,13.8,a,2
1080,1,Guayule MAC D150 2018,2019-07-01 00:00:00,33.3,a,2
1081,1,Guayule MAC D150 2018,2019-07-02 00:00:00,25.65,a,2
1082,1,Guayule MAC D150 2018,2019-07-03 00:00:00,25.5,a,2
1083,1,Guayule MAC D150 2018,2019-07-04 00:00:00,38.1,a,2
1084,1,Guayule MAC D150 2018,2019-07-05 00:00:00,38.1,a,2
1085,1,Guayule MAC D150 2018,2019-07-07 00:00:00,36.45,a,2
1086,1,Guayule MAC D150 2018,2019-07-08 00:00:00,8.7,a,2
1087,1,Guayule MAC D150 2018,2019-07-09 00:00:00,8.7,a,2
1088,1,Guayule MAC D150 2018,2019-07-10 00:00:00,8.7,a,2
1089,1,Guayule MAC D150 2018,2019-07-11 00:00:00,36,a,2
1090,1,Guayule MAC D150 2018,2019-07-12 00:00:00,40.65,a,2
1091,1,Guayule MAC D150 2018,2019-07-16 00:00:00,16.8,a,2
1092,1,Guayule MAC D150 2018,2019-07-17 00:00:00,16.8,a,2
1093,1,Guayule MAC D150 2018,2019-07-18 00:00:00,16.8,a,2
1094,1,Guayule MAC D150 2018,2019-07-19 00:00:00,16.2,a,2
1095,1,Guayule MAC D150 2018,2019-07-20 00:00:00,16.2,a,2
1096,1,Guayule MAC D150 2018,2019-07-21 00:00:00,16.2,a,2
1097,1,Guayule MAC D150 2018,2019-07-22 00:00:00,16.65,a,2
1098,1,Guayule MAC D150 2018,2019-07-24 00:00:00,16.5,a,2
1099,1,Guayule MAC D150 2018,2019-07-25 00:00:00,16.5,a,2
1100,1,Guayule MAC D150 2018,2019-07-26 00:00:00,19.65,a,2
1101,1,Guayule MAC D150 2018,2019-07-27 00:00:00,19.65,a,2
1102,1,Guayule MAC D150 2018,2019-07-28 00:00:00,19.65,a,2
1103,1,Guayule MAC D150 2018,2019-07-30 00:00:00,15,a,2
1104,1,Guayule MAC D150 2018,2019-07-31 00:00:00,15,a,2
1105,1,Guayule ELO F100 2018,2018-04-17 00:00:00,19.79,a,2
1106,1,Guayule ELO F100 2018,2018-04-18 00:00:00,19.79,a,2
1107,1,Guayule ELO F100 2018,2018-04-19 00:00:00,19.79,a,2
1108,1,Guayule ELO F100 2018,2018-04-20 00:00:00,19.79,a,2
1109,1,Guayule ELO F100 2018,2018-04-21 00:00:00,19.79,a,2
1110,1,Guayule ELO F100 2018,2018-04-22 00:00:00,19.79,a,2
1111,1,Guayule ELO F100 2018,2018-04-23 00:00:00,19.79,a,2
1112,1,Guayule ELO F100 2018,2018-04-24 00:00:00,19.79,a,2
1113,1,Guayule ELO F100 2018,2018-04-25 00:00:00,19.79,a,2
1114,1,Guayule ELO F100 2018,2018-04-26 00:00:00,19.79,a,2
1115,1,Guayule ELO F100 2018,2018-04-27 00:00:00,19.79,a,2
1116,1,Guayule ELO F100 2018,2018-04-28 00:00:00,19.79,a,2
1117,1,Guayule ELO F100 2018,2018-04-29 00:00:00,19.79,a,2
1118,1,Guayule ELO F100 2018,2018-04-30 00:00:00,19.79,a,2
1119,1,Guayule ELO F100 2018,2018-05-01 00:00:00,19.79,a,2
1120,1,Guayule ELO F100 2018,2018-05-02 00:00:00,19.79,a,2
1121,1,Guayule ELO F100 2018,2018-05-04 00:00:00,135.8,a,2
1122,1,Guayule ELO F100 2018,2018-05-16 00:00:00,50.5,a,2
1123,1,Guayule ELO F100 2018,2018-05-25 00:00:00,45.2,a,2
1124,1,Guayule ELO F100 2018,2018-06-04 00:00:00,47,a,2
1125,1,Guayule ELO F100 2018,2018-06-13 00:00:00,47.6,a,2
1126,1,Guayule ELO F100 2018,2018-06-25 00:00:00,42,a,2
1127,1,Guayule ELO F100 2018,2018-07-02 00:00:00,60,a,2
1128,1,Guayule ELO F100 2018,2018-07-11 00:00:00,65,a,2
1129,1,Guayule ELO F100 2018,2018-07-24 00:00:00,80,a,2
1130,1,Guayule ELO F100 2018,2018-07-31 00:00:00,75,a,2
1131,1,Guayule ELO F100 2018,2018-08-08 00:00:00,65,a,2
1132,1,Guayule ELO F100 2018,2018-08-16 00:00:00,46,a,2
1133,1,Guayule ELO F100 2018,2018-08-29 00:00:00,73,a,2
1134,1,Guayule ELO F100 2018,2018-09-07 00:00:00,46,a,2
1135,1,Guayule ELO F100 2018,2018-09-12 00:00:00,65,a,2
1136,1,Guayule ELO F100 2018,2018-09-25 00:00:00,85,a,2
1137,1,Guayule ELO F100 2018,2018-10-26 00:00:00,65,a,2
1138,1,Guayule ELO F100 2018,2018-11-15 00:00:00,60,a,2
1139,1,Guayule ELO D100 2018,2018-04-17 00:00:00,19.79,a,2
1140,1,Guayule ELO D100 2018,2018-04-18 00:00:00,19.79,a,2
1141,1,Guayule ELO D100 2018,2018-04-19 00:00:00,19.79,a,2
1142,1,Guayule ELO D100 2018,2018-04-20 00:00:00,19.79,a,2
1143,1,Guayule ELO D100 2018,2018-04-21 00:00:00,19.79,a,2
1144,1,Guayule ELO D100 2018,2018-04-22 00:00:00,19.79,a,2
1145,1,Guayule ELO D100 2018,2018-04-23 00:00:00,19.79,a,2
1146,1,Guayule ELO D100 2018,2018-04-24 00:00:00,19.79,a,2
1147,1,Guayule ELO D100 2018,2018-04-25 00:00:00,19.79,a,2
1148,1,Guayule ELO D100 2018,2018-04-26 00:00:00,19.79,a,2
1149,1,Guayule ELO D100 2018,2018-04-27 00:00:00,19.79,a,2
1150,1,Guayule ELO D100 2018,2018-04-28 00:00:00,19.79,a,2
1151,1,Guayule ELO D100 2018,2018-04-29 00:00:00,19.79,a,2
1152,1,Guayule ELO D100 2018,2018-04-30 00:00:00,19.79,a,2
1153,1,Guayule ELO D100 2018,2018-05-01 00:00:00,19.79,a,2
1154,1,Guayule ELO D100 2018,2018-05-02 00:00:00,19.79,a,2
1155,1,Guayule ELO D100 2018,2018-05-04 00:00:00,66,a,2
1156,1,Guayule ELO D100 2018,2018-05-16 00:00:00,27.7,a,2
1157,1,Guayule ELO D100 2018,2018-05-22 00:00:00,12,a,2
1158,1,Guayule ELO D100 2018,2018-05-25 00:00:00,15,a,2
1159,1,Guayule ELO D100 2018,2018-05-29 00:00:00,13,a,2
1160,1,Guayule ELO D100 2018,2018-06-01 00:00:00,13,a,2
1161,1,Guayule ELO D100 2018,2018-06-04 00:00:00,10,a,2
1162,1,Guayule ELO D100 2018,2018-06-06 00:00:00,10,a,2
1163,1,Guayule ELO D100 2018,2018-06-08 00:00:00,10,a,2
1164,1,Guayule ELO D100 2018,2018-06-11 00:00:00,12,a,2
1165,1,Guayule ELO D100 2018,2018-06-13 00:00:00,12,a,2
1166,1,Guayule ELO D100 2018,2018-06-15 00:00:00,12,a,2
1167,1,Guayule ELO D100 2018,2018-06-18 00:00:00,18,a,2
1168,1,Guayule ELO D100 2018,2018-06-20 00:00:00,13,a,2
1169,1,Guayule ELO D100 2018,2018-06-22 00:00:00,13,a,2
1170,1,Guayule ELO D100 2018,2018-06-25 00:00:00,13,a,2
1171,1,Guayule ELO D100 2018,2018-07-02 00:00:00,11,a,2
1172,1,Guayule ELO D100 2018,2018-07-03 00:00:00,11,a,2
1173,1,Guayule ELO D100 2018,2018-07-04 00:00:00,11,a,2
1174,1,Guayule ELO D100 2018,2018-07-06 00:00:00,12,a,2
1175,1,Guayule ELO D100 2018,2018-07-11 00:00:00,12,a,2
1176,1,Guayule ELO D100 2018,2018-07-12 00:00:00,12,a,2
1177,1,Guayule ELO D100 2018,2018-07-13 00:00:00,10,a,2
1178,1,Guayule ELO D100 2018,2018-07-16 00:00:00,17,a,2
1179,1,Guayule ELO D100 2018,2018-07-17 00:00:00,12,a,2
1180,1,Guayule ELO D100 2018,2018-07-18 00:00:00,17,a,2
1181,1,Guayule ELO D100 2018,2018-07-19 00:00:00,12,a,2
1182,1,Guayule ELO D100 2018,2018-07-20 00:00:00,12,a,2
1183,1,Guayule ELO D100 2018,2018-07-23 00:00:00,20,a,2
1184,1,Guayule ELO D100 2018,2018-07-24 00:00:00,20,a,2
1185,1,Guayule ELO D100 2018,2018-07-25 00:00:00,15,a,2
1186,1,Guayule ELO D100 2018,2018-07-26 00:00:00,15,a,2
1187,1,Guayule ELO D100 2018,2018-07-27 00:00:00,15,a,2
1188,1,Guayule ELO D100 2018,2018-07-29 00:00:00,15,a,2
1189,1,Guayule ELO D100 2018,2018-07-31 00:00:00,15,a,2
1190,1,Guayule ELO D100 2018,2018-08-01 00:00:00,23,a,2
1191,1,Guayule ELO D100 2018,2018-08-02 00:00:00,23,a,2
1192,1,Guayule ELO D100 2018,2018-08-03 00:00:00,23,a,2
1193,1,Guayule ELO D100 2018,2018-08-04 00:00:00,23,a,2
1194,1,Guayule ELO D100 2018,2018-08-07 00:00:00,13,a,2
1195,1,Guayule ELO D100 2018,2018-08-08 00:00:00,13,a,2
1196,1,Guayule ELO D100 2018,2018-08-09 00:00:00,13,a,2
1197,1,Guayule ELO D100 2018,2018-08-10 00:00:00,13,a,2
1198,1,Guayule ELO D100 2018,2018-08-11 00:00:00,13,a,2
1199,1,Guayule ELO D100 2018,2018-08-12 00:00:00,13,a,2
1200,1,Guayule ELO D100 2018,2018-08-18 00:00:00,22,a,2
1201,1,Guayule ELO D100 2018,2018-08-20 00:00:00,22,a,2
1202,1,Guayule ELO D100 2018,2018-08-22 00:00:00,22,a,2
1203,1,Guayule ELO D100 2018,2018-08-24 00:00:00,22,a,2
1204,1,Guayule ELO D100 2018,2018-09-01 00:00:00,12,a,2
1205,1,Guayule ELO D100 2018,2018-09-02 00:00:00,12,a,2
1206,1,Guayule ELO D100 2018,2018-09-04 00:00:00,12,a,2
1207,1,Guayule ELO D100 2018,2018-09-05 00:00:00,17,a,2
1208,1,Guayule ELO D100 2018,2018-09-06 00:00:00,17,a,2
1209,1,Guayule ELO D100 2018,2018-09-07 00:00:00,17,a,2
1210,1,Guayule ELO D100 2018,2018-09-08 00:00:00,17,a,2
1211,1,Guayule ELO D100 2018,2018-09-11 00:00:00,12,a,2
1212,1,Guayule ELO D100 2018,2018-09-12 00:00:00,12,a,2
1213,1,Guayule ELO D100 2018,2018-09-13 00:00:00,12,a,2
1214,1,Guayule ELO D100 2018,2018-09-14 00:00:00,12,a,2
1215,1,Guayule ELO D100 2018,2018-09-21 00:00:00,12,a,2
1216,1,Guayule ELO D100 2018,2018-09-23 00:00:00,12,a,2
1217,1,Guayule ELO D100 2018,2018-09-28 00:00:00,12,a,2
1218,1,Guayule ELO D100 2018,2018-09-30 00:00:00,12,a,2
1219,1,Guayule ELO D100 2018,2018-10-04 00:00:00,12,a,2
1220,1,Guayule ELO D100 2018,2018-10-17 00:00:00,0,a,2
1221,1,Guayule ELO D100 2018,2018-10-18 00:00:00,12,a,2
1222,1,Guayule ELO D100 2018,2018-10-19 00:00:00,0,a,2
1223,1,Guayule ELO D100 2018,2018-10-21 00:00:00,12,a,2
1224,1,Guayule ELO D100 2018,2018-10-25 00:00:00,0,a,2
1225,1,Guayule ELO D100 2018,2018-10-26 00:00:00,12,a,2
1226,1,Guayule ELO D100 2018,2018-10-27 00:00:00,0,a,2
1227,1,Guayule ELO D100 2018,2018-10-28 00:00:00,12,a,2
1228,1,Guayule ELO D100 2018,2018-10-29 00:00:00,0,a,2
1229,1,Guayule ELO D100 2018,2018-10-31 00:00:00,12,a,2
1230,1,Guayule ELO D100 2018,2018-11-03 00:00:00,12,a,2
1231,1,Guayule ELO D100 2018,2018-11-07 00:00:00,12,a,2
1232,1,Guayule ELO D100 2018,2018-11-09 00:00:00,12,a,2
1233,1,Guayule ELO D100 2018,2018-11-12 00:00:00,24,a,2
1234,1,Guayule ELO D100 2018,2018-11-15 00:00:00,24,a,2
1235,1,Guar CLO PI-Irr-V1 2018,2018-06-16 00:00:00,43.18,a,2
1236,1,Guar CLO PI-Irr-V1 2018,2018-06-23 00:00:00,43.18,a,2
1237,1,Guar CLO PI-Irr-V1 2018,2018-06-30 00:00:00,40.64,a,2
1238,1,Guar CLO PI-Irr-V1 2018,2018-07-04 00:00:00,12.7,a,2
1239,1,Guar CLO PI-Irr-V1 2018,2018-07-09 00:00:00,10.16,a,2
1240,1,Guar CLO PI-Irr-V1 2018,2018-07-18 00:00:00,17.78,a,2
1241,1,Guar CLO PI-Irr-V1 2018,2018-08-05 00:00:00,30.48,a,2
1242,1,Guar CLO PI-Irr-V1 2018,2018-08-13 00:00:00,31.75,a,2
1243,1,Guar CLO PI-Irr-V1 2018,2018-08-28 00:00:00,31.75,a,2
1244,1,Guar CLO PI-Irr-V1 2018,2018-09-10 00:00:00,31.75,a,2
1245,1,Guar CLO PI-Irr-V1 2018,2018-09-17 00:00:00,31.75,a,2
1246,1,Guar CLO PI-Vstss-V1 2018,2018-06-16 00:00:00,43.18,a,2
1247,1,Guar CLO PI-Vstss-V1 2018,2018-06-23 00:00:00,43.18,a,2
1248,1,Guar CLO PI-Vstss-V1 2018,2018-06-30 00:00:00,40.64,a,2
1249,1,Guar CLO PI-Vstss-V1 2018,2018-07-04 00:00:00,12.7,a,2
1250,1,Guar CLO PI-Vstss-V1 2018,2018-07-09 00:00:00,10.16,a,2
1251,1,Guar CLO PI-Vstss-V1 2018,2018-07-18 00:00:00,0,a,2
1252,1,Guar CLO PI-Vstss-V1 2018,2018-08-05 00:00:00,0,a,2
1253,1,Guar CLO PI-Vstss-V1 2018,2018-08-13 00:00:00,31.75,a,2
1254,1,Guar CLO PI-Vstss-V1 2018,2018-08-28 00:00:00,31.75,a,2
1255,1,Guar CLO PI-Vstss-V1 2018,2018-09-10 00:00:00,31.75,a,2
1256,1,Guar CLO PI-Vstss-V1 2018,2018-09-17 00:00:00,31.75,a,2
1257,1,Guar CLO PI-Rstss-V1 2018,2018-06-16 00:00:00,43.18,a,2
1258,1,Guar CLO PI-Rstss-V1 2018,2018-06-23 00:00:00,43.18,a,2
1259,1,Guar CLO PI-Rstss-V1 2018,2018-06-30 00:00:00,40.64,a,2
1260,1,Guar CLO PI-Rstss-V1 2018,2018-07-04 00:00:00,12.7,a,2
1261,1,Guar CLO PI-Rstss-V1 2018,2018-07-09 00:00:00,10.16,a,2
1262,1,Guar CLO PI-Rstss-V1 2018,2018-07-18 00:00:00,17.78,a,2
1263,1,Guar CLO PI-Rstss-V1 2018,2018-08-05 00:00:00,30.48,a,2
1264,1,Guar CLO PI-Rstss-V1 2018,2018-08-13 00:00:00,0,a,2
1265,1,Guar CLO PI-Rstss-V1 2018,2018-08-28 00:00:00,0,a,2
1266,1,Guar CLO PI-Rstss-V1 2018,2018-09-10 00:00:00,0,a,2
1267,1,Guar CLO PI-Rstss-V1 2018,2018-09-17 00:00:00,0,a,2
1268,1,Guar CLO PI-Rain-V1 2018,2018-06-16 00:00:00,43.18,a,2
1269,1,Guar CLO PI-Rain-V1 2018,2018-06-23 00:00:00,43.18,a,2
1270,1,Guar CLO PI-Rain-V1 2018,2018-06-30 00:00:00,40.64,a,2
1271,1,Guar CLO PI-Rain-V1 2018,2018-07-04 00:00:00,0,a,2
1272,1,Guar CLO PI-Rain-V1 2018,2018-07-09 00:00:00,0,a,2
1273,1,Guar CLO PI-Rain-V1 2018,2018-07-18 00:00:00,0,a,2
1274,1,Guar CLO PI-Rain-V1 2018,2018-08-05 00:00:00,0,a,2
1275,1,Guar CLO PI-Rain-V1 2018,2018-08-13 00:00:00,0,a,2
1276,1,Guar CLO PI-Rain-V1 2018,2018-08-28 00:00:00,0,a,2
1277,1,Guar CLO PI-Rain-V1 2018,2018-09-10 00:00:00,0,a,2
1278,1,Guar CLO PI-Rain-V1 2018,2018-09-17 00:00:00,0,a,2
1279,1,Guar CLO NPI-Irr-V1 2018,2018-07-04 00:00:00,12.7,a,2
1280,1,Guar CLO NPI-Irr-V1 2018,2018-07-09 00:00:00,10.16,a,2
1281,1,Guar CLO NPI-Irr-V1 2018,2018-07-18 00:00:00,17.78,a,2
1282,1,Guar CLO NPI-Irr-V1 2018,2018-08-05 00:00:00,30.48,a,2
1283,1,Guar CLO NPI-Irr-V1 2018,2018-08-13 00:00:00,31.75,a,2
1284,1,Guar CLO NPI-Irr-V1 2018,2018-08-28 00:00:00,31.75,a,2
1285,1,Guar CLO NPI-Irr-V1 2018,2018-09-10 00:00:00,31.75,a,2
1286,1,Guar CLO NPI-Irr-V1 2018,2018-09-17 00:00:00,31.75,a,2
1287,1,Guar CLO NPI-Vstss-V1 2018,2018-07-04 00:00:00,12.7,a,2
1288,1,Guar CLO NPI-Vstss-V1 2018,2018-07-09 00:00:00,10.16,a,2
1289,1,Guar CLO NPI-Vstss-V1 2018,2018-07-18 00:00:00,0,a,2
1290,1,Guar CLO NPI-Vstss-V1 2018,2018-08-05 00:00:00,0,a,2
1291,1,Guar CLO NPI-Vstss-V1 2018,2018-08-13 00:00:00,31.75,a,2
1292,1,Guar CLO NPI-Vstss-V1 2018,2018-08-28 00:00:00,31.75,a,2
1293,1,Guar CLO NPI-Vstss-V1 2018,2018-09-10 00:00:00,31.75,a,2
1294,1,Guar CLO NPI-Vstss-V1 2018,2018-09-17 00:00:00,31.75,a,2
1295,1,Guar CLO NPI-Rstss-V1 2018,2018-07-04 00:00:00,12.7,a,2
1296,1,Guar CLO NPI-Rstss-V1 2018,2018-07-09 00:00:00,10.16,a,2
1297,1,Guar CLO NPI-Rstss-V1 2018,2018-07-18 00:00:00,17.78,a,2
1298,1,Guar CLO NPI-Rstss-V1 2018,2018-08-05 00:00:00,30.48,a,2
1299,1,Guar CLO NPI-Rstss-V1 2018,2018-08-13 00:00:00,0,a,2
1300,1,Guar CLO NPI-Rstss-V1 2018,2018-08-28 00:00:00,0,a,2
1301,1,Guar CLO NPI-Rstss-V1 2018,2018-09-10 00:00:00,0,a,2
1302,1,Guar CLO NPI-Rstss-V1 2018,2018-09-17 00:00:00,0,a,2
1303,1,Guar CLO NPI-Rain-V1 2018,2018-07-04 00:00:00,0,a,2
1304,1,Guar CLO NPI-Rain-V1 2018,2018-07-09 00:00:00,0,a,2
1305,1,Guar CLO NPI-Rain-V1 2018,2018-07-18 00:00:00,0,a,2
1306,1,Guar CLO NPI-Rain-V1 2018,2018-08-05 00:00:00,0,a,2
1307,1,Guar CLO NPI-Rain-V1 2018,2018-08-13 00:00:00,0,a,2
1308,1,Guar CLO NPI-Rain-V1 2018,2018-08-28 00:00:00,0,a,2
1309,1,Guar CLO NPI-Rain-V1 2018,2018-09-10 00:00:00,0,a,2
1310,1,Guar CLO NPI-Rain-V1 2018,2018-09-17 00:00:00,0,a,2
1311,1,Guar CLO PI-Irr-V1 2019,2019-05-17 00:00:00,38.1,a,2
1312,1,Guar CLO PI-Irr-V1 2019,2019-05-24 00:00:00,50.8,a,2
1313,1,Guar CLO PI-Irr-V1 2019,2019-05-31 00:00:00,30.48,a,2
1314,1,Guar CLO PI-Irr-V1 2019,2019-06-16 00:00:00,20.32,a,2
1315,1,Guar CLO PI-Irr-V1 2019,2019-06-21 00:00:00,15.24,a,2
1316,1,Guar CLO PI-Irr-V1 2019,2019-06-24 00:00:00,10.16,a,2
1317,1,Guar CLO PI-Irr-V1 2019,2019-06-30 00:00:00,25.4,a,2
1318,1,Guar CLO PI-Irr-V1 2019,2019-07-11 00:00:00,30.48,a,2
1319,1,Guar CLO PI-Irr-V1 2019,2019-07-16 00:00:00,20.32,a,2
1320,1,Guar CLO PI-Irr-V1 2019,2019-07-24 00:00:00,30.48,a,2
1321,1,Guar CLO PI-Irr-V1 2019,2019-08-01 00:00:00,20.32,a,2
1322,1,Guar CLO PI-Irr-V1 2019,2019-08-17 00:00:00,20.32,a,2
1323,1,Guar CLO PI-Irr-V1 2019,2019-08-26 00:00:00,25.4,a,2
1324,1,Guar CLO PI-Irr-V1 2019,2019-09-04 00:00:00,31.75,a,2
1325,1,Guar CLO PI-Irr-V1 2019,2019-09-17 00:00:00,19.05,a,2
1326,1,Guar CLO PI-Vstss-V1 2019,2019-05-17 00:00:00,38.1,a,2
1327,1,Guar CLO PI-Vstss-V1 2019,2019-05-24 00:00:00,50.8,a,2
1328,1,Guar CLO PI-Vstss-V1 2019,2019-05-31 00:00:00,30.48,a,2
1329,1,Guar CLO PI-Vstss-V1 2019,2019-06-16 00:00:00,20.32,a,2
1330,1,Guar CLO PI-Vstss-V1 2019,2019-06-21 00:00:00,15.24,a,2
1331,1,Guar CLO PI-Vstss-V1 2019,2019-06-24 00:00:00,10.16,a,2
1332,1,Guar CLO PI-Vstss-V1 2019,2019-06-30 00:00:00,0,a,2
1333,1,Guar CLO PI-Vstss-V1 2019,2019-07-11 00:00:00,0,a,2
1334,1,Guar CLO PI-Vstss-V1 2019,2019-07-16 00:00:00,0,a,2
1335,1,Guar CLO PI-Vstss-V1 2019,2019-07-24 00:00:00,30.48,a,2
1336,1,Guar CLO PI-Vstss-V1 2019,2019-08-01 00:00:00,20.32,a,2
1337,1,Guar CLO PI-Vstss-V1 2019,2019-08-17 00:00:00,20.32,a,2
1338,1,Guar CLO PI-Vstss-V1 2019,2019-08-26 00:00:00,25.4,a,2
1339,1,Guar CLO PI-Vstss-V1 2019,2019-09-04 00:00:00,31.75,a,2
1340,1,Guar CLO PI-Vstss-V1 2019,2019-09-17 00:00:00,19.05,a,2
1341,1,Guar CLO PI-Rstss-V1 2019,2019-05-17 00:00:00,38.1,a,2
1342,1,Guar CLO PI-Rstss-V1 2019,2019-05-24 00:00:00,50.8,a,2
1343,1,Guar CLO PI-Rstss-V1 2019,2019-05-31 00:00:00,30.48,a,2
1344,1,Guar CLO PI-Rstss-V1 2019,2019-06-16 00:00:00,20.32,a,2
1345,1,Guar CLO PI-Rstss-V1 2019,2019-06-21 00:00:00,15.24,a,2
1346,1,Guar CLO PI-Rstss-V1 2019,2019-06-24 00:00:00,10.16,a,2
1347,1,Guar CLO PI-Rstss-V1 2019,2019-06-30 00:00:00,25.4,a,2
1348,1,Guar CLO PI-Rstss-V1 2019,2019-07-11 00:00:00,30.48,a,2
1349,1,Guar CLO PI-Rstss-V1 2019,2019-07-16 00:00:00,20.32,a,2
1350,1,Guar CLO PI-Rstss-V1 2019,2019-07-24 00:00:00,0,a,2
1351,1,Guar CLO PI-Rstss-V1 2019,2019-08-01 00:00:00,0,a,2
1352,1,Guar CLO PI-Rstss-V1 2019,2019-08-17 00:00:00,0,a,2
1353,1,Guar CLO PI-Rstss-V1 2019,2019-08-26 00:00:00,0,a,2
1354,1,Guar CLO PI-Rstss-V1 2019,2019-09-04 00:00:00,0,a,2
1355,1,Guar CLO PI-Rstss-V1 2019,2019-09-17 00:00:00,0,a,2
1356,1,Guar CLO PI-Rain-V1 2019,2019-05-17 00:00:00,38.1,a,2
1357,1,Guar CLO PI-Rain-V1 2019,2019-05-24 00:00:00,50.8,a,2
1358,1,Guar CLO PI-Rain-V1 2019,2019-05-31 00:00:00,30.48,a,2
1359,1,Guar CLO PI-Rain-V1 2019,2019-06-16 00:00:00,0,a,2
1360,1,Guar CLO PI-Rain-V1 2019,2019-06-21 00:00:00,0,a,2
1361,1,Guar CLO PI-Rain-V1 2019,2019-06-24 00:00:00,0,a,2
1362,1,Guar CLO PI-Rain-V1 2019,2019-06-30 00:00:00,0,a,2
1363,1,Guar CLO PI-Rain-V1 2019,2019-07-11 00:00:00,0,a,2
1364,1,Guar CLO PI-Rain-V1 2019,2019-07-16 00:00:00,0,a,2
1365,1,Guar CLO PI-Rain-V1 2019,2019-07-24 00:00:00,0,a,2
1366,1,Guar CLO PI-Rain-V1 2019,2019-08-01 00:00:00,0,a,2
1367,1,Guar CLO PI-Rain-V1 2019,2019-08-17 00:00:00,0,a,2
1368,1,Guar CLO PI-Rain-V1 2019,2019-08-26 00:00:00,0,a,2
1369,1,Guar CLO PI-Rain-V1 2019,2019-09-04 00:00:00,0,a,2
1370,1,Guar CLO PI-Rain-V1 2019,2019-09-17 00:00:00,0,a,2
1371,1,Guar CLO NPI-Irr-V1 2019,2019-06-16 00:00:00,20.32,a,2
1372,1,Guar CLO NPI-Irr-V1 2019,2019-06-21 00:00:00,15.24,a,2
1373,1,Guar CLO NPI-Irr-V1 2019,2019-06-24 00:00:00,10.16,a,2
1374,1,Guar CLO NPI-Irr-V1 2019,2019-06-30 00:00:00,25.4,a,2
1375,1,Guar CLO NPI-Irr-V1 2019,2019-07-11 00:00:00,30.48,a,2
1376,1,Guar CLO NPI-Irr-V1 2019,2019-07-16 00:00:00,20.32,a,2
1377,1,Guar CLO NPI-Irr-V1 2019,2019-07-24 00:00:00,30.48,a,2
1378,1,Guar CLO NPI-Irr-V1 2019,2019-08-01 00:00:00,20.32,a,2
1379,1,Guar CLO NPI-Irr-V1 2019,2019-08-17 00:00:00,20.32,a,2
1380,1,Guar CLO NPI-Irr-V1 2019,2019-08-26 00:00:00,25.4,a,2
1381,1,Guar CLO NPI-Irr-V1 2019,2019-09-04 00:00:00,31.75,a,2
1382,1,Guar CLO NPI-Irr-V1 2019,2019-09-17 00:00:00,19.05,a,2
1383,1,Guar CLO NPI-Vstss-V1 2019,2019-06-16 00:00:00,20.32,a,2
1384,1,Guar CLO NPI-Vstss-V1 2019,2019-06-21 00:00:00,15.24,a,2
1385,1,Guar CLO NPI-Vstss-V1 2019,2019-06-24 00:00:00,10.16,a,2
1386,1,Guar CLO NPI-Vstss-V1 2019,2019-06-30 00:00:00,0,a,2
1387,1,Guar CLO NPI-Vstss-V1 2019,2019-07-11 00:00:00,0,a,2
1388,1,Guar CLO NPI-Vstss-V1 2019,2019-07-16 00:00:00,0,a,2
1389,1,Guar CLO NPI-Vstss-V1 2019,2019-07-24 00:00:00,30.48,a,2
1390,1,Guar CLO NPI-Vstss-V1 2019,2019-08-01 00:00:00,20.32,a,2
1391,1,Guar CLO NPI-Vstss-V1 2019,2019-08-17 00:00:00,20.32,a,2
1392,1,Guar CLO NPI-Vstss-V1 2019,2019-08-26 00:00:00,25.4,a,2
1393,1,Guar CLO NPI-Vstss-V1 2019,2019-09-04 00:00:00,31.75,a,2
1394,1,Guar CLO NPI-Vstss-V1 2019,2019-09-17 00:00:00,19.05,a,2
1395,1,Guar CLO NPI-Rstss-V1 2019,2019-06-16 00:00:00,20.32,a,2
1396,1,Guar CLO NPI-Rstss-V1 2019,2019-06-21 00:00:00,15.24,a,2
1397,1,Guar CLO NPI-Rstss-V1 2019,2019-06-24 00:00:00,10.16,a,2
1398,1,Guar CLO NPI-Rstss-V1 2019,2019-06-30 00:00:00,25.4,a,2
1399,1,Guar CLO NPI-Rstss-V1 2019,2019-07-11 00:00:00,30.48,a,2
1400,1,Guar CLO NPI-Rstss-V1 2019,2019-07-16 00:00:00,20.32,a,2
1401,1,Guar CLO NPI-Rstss-V1 2019,2019-07-24 00:00:00,0,a,2
1402,1,Guar CLO NPI-Rstss-V1 2019,2019-08-01 00:00:00,0,a,2
1403,1,Guar CLO NPI-Rstss-V1 2019,2019-08-17 00:00:00,0,a,2
1404,1,Guar CLO NPI-Rstss-V1 2019,2019-08-26 00:00:00,0,a,2
1405,1,Guar CLO NPI-Rstss-V1 2019,2019-09-04 00:00:00,0,a,2
1406,1,Guar CLO NPI-Rstss-V1 2019,2019-09-17 00:00:00,0,a,2
1407,1,Guar CLO NPI-Rain-V1 2019,2019-06-16 00:00:00,0,a,2
1408,1,Guar CLO NPI-Rain-V1 2019,2019-06-21 00:00:00,0,a,2
1409,1,Guar CLO NPI-Rain-V1 2019,2019-06-24 00:00:00,0,a,2
1410,1,Guar CLO NPI-Rain-V1 2019,2019-06-30 00:00:00,0,a,2
1411,1,Guar CLO NPI-Rain-V1 2019,2019-07-11 00:00:00,0,a,2
1412,1,Guar CLO NPI-Rain-V1 2019,2019-07-16 00:00:00,0,a,2
1413,1,Guar CLO NPI-Rain-V1 2019,2019-07-24 00:00:00,0,a,2
1414,1,Guar CLO NPI-Rain-V1 2019,2019-08-01 00:00:00,0,a,2
1415,1,Guar CLO NPI-Rain-V1 2019,2019-08-17 00:00:00,0,a,2
1416,1,Guar CLO NPI-Rain-V1 2019,2019-08-26 00:00:00,0,a,2
1417,1,Guar CLO NPI-Rain-V1 2019,2019-09-04 00:00:00,0,a,2
1418,1,Guar CLO NPI-Rain-V1 2019,2019-09-17 00:00:00,0,a,2
